controller_key,phase_ref,turn,saturn_a_node,saturn_b_node,saturn_c_node
01/001,A,1,12655,13048,13016
01/001,B,1,13048,12655,12637
01/001,B,2,13048,12655,13049
01/001,C,1,12805,12655,13048
01/001,C,2,12805,12655,12637
01/001,C,3,12805,12655,13049
01/002,A,1,13051,12652,13053
01/002,A,2,13051,12652,12806
01/002,A,3,13051,12652,12658
01/002,B,1,13053,12652,13051
01/002,C,1,12658,12652,13051
01/002,D,1,12658,12652,13051
01/002,D,2,12658,12652,12806
01/002,H,1,12652,13053,13052
01/002,I,1,12040,13053,13052
01/002,L,1,13052,13053,12652
01/005,A,1,13013,12659,13016
01/005,B,1,12659,13013,13045
01/005,C,1,12321,12659,13016
01/005,C,2,12321,12659,13013
01/005,D,1,12321,12659,13016
01/006,A,1,12116,13056,12812
01/006,B,1,12812,13056,12116
01/007,A,1,12651,12641,13947
01/007,B,1,13947,12641,12651
01/007,B,2,13947,12641,12097
01/007,C,1,12651,12641,12097
01/009,A,1,12465,13192,12656
01/009,B,1,13191,13192,12656
01/009,B,2,13191,13192,12465
01/009,C,1,12651,13192,12656
01/009,C,2,12651,13192,12465
01/009,G,1,13191,12651,12641
01/009,H,1,12641,12651,13192
01/009,I,1,12108,12651,13192
01/009,J,1,13191,12651,13031
01/010,C,1,13193,13190,13194
01/010,G,1,13194,13189,13191
01/010,K,1,13194,13189,12653
01/010,M,1,13192,12656,13035
01/011,A,1,12685,12941,13130
01/011,B,1,13130,12941,12685
01/012,A,1,12685,12908,12472
01/012,B,1,12472,12908,12685
01/012,C,1,12907,12908,12685
01/012,D,1,12907,12908,12472
01/012,G,1,12689,12907,12908
01/012,H,1,13997,12907,12908
01/016,A,1,12715,12717,13019
01/016,B,1,12894,12717,13019
01/016,I,1,12715,12717,12724
01/017,A,1,12795,12715,12717
01/017,B,1,12793,12715,12795
01/017,C,1,12793,12715,12717
01/019,A,1,12722,12719,12705
01/019,A,2,12722,12719,12712
01/019,B,1,12712,12719,12705
01/019,B,2,12712,12719,12722
01/019,C,1,12299,12719,12705
01/019,C,2,12299,12719,12722
01/019,C,3,12299,12719,12712
01/020,A,1,12809,12726,13005
01/020,A,2,12809,12726,12725
01/020,B,1,13005,12726,12809
01/020,C,1,13096,12726,12809
01/020,C,2,13096,12726,13005
01/020,C,3,13096,12726,12725
01/021,A,1,12736,12731,13003
01/021,A,2,12736,12731,13097
01/021,B,1,13003,12731,13097
01/021,B,2,13003,12731,12736
01/021,C,1,12733,12731,13003
01/021,C,2,12733,12731,13097
01/021,C,3,12733,12731,12736
01/022,A,1,13993,12716,13012
01/022,B,1,13019,12716,13012
01/024,A,1,12704,12707,13015
01/024,A,2,12704,12707,13383
01/024,B,1,12703,12707,13015
01/024,E,1,12704,12707,12703
01/025,A,1,12713,12706,13044
01/025,B,1,13044,12706,12704
01/025,C,1,12713,12706,12704
01/025,D,1,12709,12706,12704
01/025,E,1,12709,12706,13044
01/026,A,1,12719,12712,13132
01/026,A,2,12719,12712,12300
01/026,B,1,13132,12712,12300
01/026,B,2,13132,12712,12719
01/026,C,1,13131,12712,13132
01/026,C,2,13131,12712,12300
01/026,C,3,13131,12712,12719
01/027,A,1,12808,12725,12297
01/027,B,1,12733,12725,12297
01/027,C,1,12726,12725,12297
01/028,A,1,12295,12296,13292
01/028,A,2,12296,13336,13290
01/028,B,1,13292,12296,12295
01/030,A,1,12720,12713,12706
01/030,A,2,12720,12713,12709
01/030,B,1,13023,12713,12706
01/030,B,2,13023,12713,12709
01/030,C,1,12792,12713,12706
01/030,C,2,12792,12713,12709
01/031,A,1,12707,13015,12110
01/032,A,1,12707,12703,12699
01/032,B,1,12699,12703,12707
01/033,A,1,12025,12735,13292
01/033,A,2,12025,12735,12732
01/033,A,3,12025,12735,13332
01/033,B,1,12732,12735,12025
01/033,B,2,12732,12735,13292
01/033,B,3,12732,12735,13332
01/033,C,1,13292,12735,12025
01/033,C,2,13292,12735,12732
01/033,C,3,13292,12735,13332
01/033,D,1,13332,12735,12025
01/033,D,2,13332,12735,13292
01/033,D,3,13332,12735,12732
01/034,A,1,13167,12740,13332
01/034,A,2,13167,12740,12732
01/034,B,1,13332,12740,13167
01/034,B,2,13332,12740,12732
01/034,C,1,12732,12740,13332
01/034,C,2,12732,12740,13167
01/035,A,1,12826,12699,12703
01/035,A,2,12826,12699,12105
01/035,B,1,12703,12699,12826
01/035,B,2,12703,12699,12105
01/035,C,1,12670,12699,12703
01/035,C,2,12670,12699,12826
01/035,C,3,12670,12699,12105
01/036,A,1,12257,12619,12262
01/036,A,2,12257,12619,12616
01/036,B,1,12625,12619,12262
01/036,B,2,12625,12619,12616
01/036,D,1,12632,12625,12594
01/037,A,1,12265,12631,12973
01/037,B,1,12668,12632,12625
01/037,C,1,12617,12631,12973
01/037,C,2,12617,12631,12632
01/037,D,1,12631,12632,12625
01/038,A,1,12280,12665,12276
01/038,D,1,12668,12665,12276
01/038,J,1,13102,12668,12632
01/039,A,1,12993,12584,12597
01/039,A,2,12993,12584,13148
01/039,B,1,13148,12584,12597
01/039,B,2,13148,12584,12993
01/039,C,1,13148,12584,12597
01/039,D,1,12597,12584,13148
01/039,D,2,12597,12584,12993
01/040,A,1,12323,12566,12572
01/040,B,1,13148,12572,12590
01/040,B,2,13148,12572,12566
01/040,C,1,12323,12566,12592
01/040,D,1,13148,12572,12324
01/040,E,1,12566,12572,13148
01/040,E,2,12566,12572,12324
01/040,F,1,12572,12566,12592
01/040,F,2,12572,12566,12323
01/040,H,1,12324,12572,13148
01/040,H,2,12324,12572,12590
01/040,H,3,12324,12572,12566
01/043,A,1,12996,12603,12997
01/043,B,1,12997,12603,12996
01/043,C,1,12100,12603,12997
01/043,C,2,12100,12603,12996
01/044,A,1,14381,14288,13124
01/044,A,2,14381,14288,12417
01/044,B,1,12417,14288,14381
01/044,B,2,12417,14288,12422
01/044,B,3,12417,14288,13124
01/044,D,1,13124,14288,14381
01/044,D,2,13124,14288,12422
01/044,D,3,13124,14288,12417
01/044,M,1,14288,13124,12605
01/044,N,1,13124,14288,13124
01/046,A,1,13315,12009,12751
01/046,A,2,13315,12009,12746
01/046,A,3,13315,12009,13026
01/046,B,1,12746,12009,13315
01/046,B,2,12746,12009,12751
01/046,C,1,12751,12009,13315
01/046,C,2,12751,12009,12746
01/046,C,3,12751,12009,13026
01/046,D,1,13026,12009,13315
01/046,D,2,13026,12009,12751
01/046,D,3,13026,12009,12746
01/047,A,1,12745,12475,12212
01/047,A,2,12745,12475,12746
01/047,B,1,12746,12475,12745
01/047,B,2,12746,12475,12212
01/047,C,1,12212,12475,12745
01/047,C,2,12212,12475,12746
01/048,A,1,12111,12663,12673
01/048,B,1,12111,12663,12660
01/048,B,2,12111,12663,12673
01/048,C,1,12673,12663,12660
01/048,D,1,12673,12663,12111
01/048,E,1,12660,12663,12111
01/051,A,1,12818,12635,12815
01/051,A,2,12818,12635,13057
01/051,A,3,12818,12635,12630
01/052,A,1,13056,12812,12629
01/052,B,1,13008,12812,12629
01/052,B,2,13008,12812,13056
01/052,C,1,12629,12812,13056
01/053,A,1,12812,12629,13900
01/053,B,1,12812,12629,12624
01/053,C,1,13002,12629,13900
01/053,C,2,13002,12629,12624
01/053,D,1,13900,12629,12812
01/054,A,1,12999,13122,12780
01/054,A,2,12999,13122,12623
01/054,B,1,12623,13122,12780
01/054,B,2,12623,13122,12999
01/054,C,1,12101,13122,12780
01/054,C,2,12101,13122,12999
01/057,A,1,12096,12604,12355
01/057,A,2,12096,12604,12352
01/057,B,1,12352,12604,12355
01/057,B,2,12352,12604,12096
01/057,C,1,13960,12604,12355
01/057,C,2,13960,12604,12096
01/057,C,3,13960,12604,12352
01/058,A,1,12604,12352,12774
01/058,B,1,12774,12352,12604
01/058,C,1,13965,12352,12774
01/058,C,2,13965,12352,12604
01/058,D,1,12353,12352,12774
01/058,D,2,12353,12352,12604
01/059,A,1,13965,13960,13967
01/059,A,2,13965,13960,12604
01/061,A,1,12991,13969,12065
01/063,A,1,12657,12650,13196
01/063,A,2,12657,12650,13195
01/063,B,1,13195,12650,12657
01/063,C,1,12783,12650,13196
01/063,C,2,12783,12650,13195
01/063,D,1,12783,12650,12657
01/063,G,1,12650,13196,13197
01/063,H,1,13195,13196,13197
01/064,B,1,12719,12722,12797
01/064,C,1,12246,12722,12719
01/064,C,2,12246,12722,12797
01/064,D,1,12797,12722,12246
01/064,D,2,12797,12722,12719
01/065,A,1,12467,12690,12467
01/065,A,2,12467,12690,13127
01/065,B,1,13127,12690,12467
01/065,C,1,12690,12467,12473
01/065,C,2,12727,12690,13127
01/066,A,1,12673,12062,12692
01/066,B,1,13405,12062,12692
01/066,B,2,13405,12062,12673
01/066,C,1,12692,12062,13405
01/066,D,1,12692,12062,12673
01/067,A,1,12062,12692,12698
01/067,A,2,12062,12692,13032
01/067,B,1,12691,12692,13032
01/067,C,1,12691,12692,12062
01/067,D,1,12691,12692,12698
01/067,E,1,13032,12692,12062
01/067,F,1,13032,12692,12698
01/068,A,1,12791,12691,12692
01/068,B,1,12697,12691,12692
01/068,H,1,12697,12691,12791
01/069,A,1,12599,12614,12647
01/069,A,2,12599,12614,12092
01/069,B,1,12647,12614,12092
01/069,C,1,12092,12614,12647
01/070,A,1,12583,12599,12614
01/070,A,2,12583,12599,12596
01/070,B,1,12590,12599,12614
01/070,B,2,12590,12599,12596
01/071,A,1,12559,12583,12599
01/071,A,2,12559,12583,12032
01/071,A,3,12559,12583,12593
01/071,B,1,12593,12583,12599
01/071,B,2,12593,12583,12032
01/072,A,1,12607,12593,12583
01/072,A,2,12607,12593,12596
01/072,B,1,12583,12593,12596
01/072,B,2,12583,12593,12607
01/072,D,1,12596,12593,12583
01/072,D,2,12596,12593,12607
01/073,A,1,12593,12596,12897
01/073,A,2,12593,12596,12035
01/073,B,1,12035,12596,12897
01/073,B,2,12035,12596,12593
01/073,C,1,12599,12596,12897
01/073,C,2,12599,12596,12593
01/073,C,3,12599,12596,12035
01/075,A,1,12279,12278,12777
01/075,B,1,12777,12278,12279
01/075,C,1,12277,12278,12777
01/075,C,2,12277,12278,12279
01/076,A,1,12293,12729,13372
01/076,A,2,12293,12729,13371
01/076,B,1,13371,12729,12292
01/076,B,2,13371,12729,12293
01/076,C,1,12292,12729,13372
01/076,C,2,12292,12729,13371
01/076,D,1,13372,12729,13371
01/076,D,2,13372,12729,12292
01/076,D,3,13372,12729,12293
01/077,A,1,12620,12268,12272
01/077,A,2,12620,12268,12271
01/077,A,3,12620,12268,12777
01/077,B,1,12777,12268,12272
01/077,B,2,12777,12268,12271
01/077,B,3,12777,12268,12620
01/077,C,1,12272,12268,12271
01/077,C,2,12272,12268,12620
01/077,C,3,12272,12268,12777
01/077,D,1,12271,12268,12272
01/077,D,2,12271,12268,12620
01/077,D,3,12271,12268,12777
01/078,A,1,12714,12710,13970
01/078,A,2,12714,12710,12825
01/078,A,3,12714,12710,12708
01/078,B,1,12708,12710,13970
01/078,B,2,12708,12710,12714
01/078,D,1,12825,12710,13970
01/078,D,2,12825,12710,12714
01/078,D,3,12825,12710,12708
01/078,E,1,13970,12710,12714
01/078,E,2,13970,12710,12825
01/078,E,3,13970,12710,12708
01/079,A,1,12795,12714,12710
01/079,A,2,12795,12714,13971
01/079,B,1,12710,12714,12795
01/079,B,2,12710,12714,13971
01/079,C,1,13971,12714,12795
01/079,C,2,13375,13971,12714
01/079,C,3,13971,12714,12710
01/079,D,1,12714,13971,13375
01/080,A,1,12794,12701,12830
01/080,A,2,12794,12701,12240
01/080,B,1,12830,12701,12794
01/080,B,2,12830,12701,12240
01/080,C,1,12240,12701,12794
01/080,C,2,12240,12701,12830
01/081,A,1,12710,12708,13134
01/081,A,2,12710,12708,12823
01/081,B,1,13134,12708,12710
01/081,B,2,13134,12708,12823
01/081,C,1,12823,12708,12710
01/081,C,2,12823,12708,13134
01/081,D,1,12710,12708,12710
01/081,D,2,12710,12708,13134
01/081,D,3,12710,12708,12823
01/082,A,1,12721,13159,12221
01/082,A,2,12721,13159,13158
01/082,A,3,12721,13159,13137
01/082,B,1,13137,13159,12221
01/082,B,2,13137,13159,12721
01/082,B,3,13137,13159,13158
01/082,C,1,13158,13159,12221
01/082,C,2,13158,13159,12721
01/082,C,3,13158,13159,13137
01/082,D,1,12221,13159,12721
01/082,D,2,12221,13159,13158
01/082,D,3,12221,13159,13137
01/083,A,1,12207,12721,13136
01/083,A,2,12207,12721,12796
01/083,A,3,12207,12721,13159
01/083,B,1,13159,12721,12207
01/083,B,2,13159,12721,13136
01/083,B,3,13159,12721,12796
01/083,C,1,12796,12721,12207
01/083,C,2,12796,12721,13136
01/083,C,3,12796,12721,13159
01/083,D,1,13136,12721,12207
01/083,D,2,13136,12721,12796
01/083,D,3,13136,12721,13159
01/084,A,1,12267,12617,12266
01/084,A,2,12267,12617,12631
01/084,B,1,13109,12617,12266
01/084,B,2,13109,12617,12631
01/085,A,1,12619,12616,12896
01/085,A,2,12619,12616,12259
01/085,B,1,12266,12616,12896
01/085,B,2,12266,12616,12259
01/086,A,1,12862,12711,12187
01/086,A,2,12862,12711,12727
01/086,B,1,12187,12711,12862
01/086,B,2,12187,12711,12727
01/086,D,1,12727,12711,12862
01/086,D,2,12727,12711,12187
01/087,A,1,13269,12349,12011
01/087,A,2,13269,12349,13128
01/087,A,3,13269,12349,12753
01/087,B,1,13128,12349,12011
01/087,B,2,13128,12349,12753
01/087,B,3,13128,12349,13269
01/087,C,1,13269,12349,12753
01/087,D,1,12753,12349,12011
01/087,D,2,12753,12349,13269
01/087,E,1,12011,12349,13128
01/087,E,2,12011,12349,12753
01/087,F,1,12011,12349,13269
01/088,A,1,13295,12739,12744
01/088,A,2,13295,12739,12025
01/088,B,1,13305,12739,12744
01/088,B,2,13305,12739,13295
01/088,B,3,13305,12739,12025
01/088,C,1,12744,12739,13295
01/088,C,2,12744,12739,12025
01/088,D,1,12025,12739,12744
01/088,D,2,12025,12739,13295
01/089,A,1,12814,12606,13243
01/089,A,2,12814,12606,13100
01/089,B,1,13243,12606,13100
01/089,B,2,13243,12606,12814
01/089,C,1,13243,12606,13100
01/092,A,1,12259,12253,12251
01/092,A,2,12259,12253,12252
01/092,B,1,12252,12253,12251
01/092,B,2,12252,12253,12260
01/092,C,1,12260,12253,12251
01/092,C,2,12260,12253,12252
01/093,A,1,12936,12694,12935
01/093,A,2,12936,12694,12053
01/093,B,1,12053,12694,13219
01/093,B,2,12053,12694,12935
01/093,C,1,12935,12694,13219
01/093,C,2,12935,12694,12936
01/093,D,1,13219,12694,12935
01/093,D,2,13219,12694,12053
01/093,D,3,13219,12694,12936
01/093,E,1,13219,12694,12935
01/094,A,1,12103,12613,10101
01/094,B,1,10101,12613,12103
01/094,C,1,12582,12613,12103
01/094,C,2,12582,12613,10101
01/095,B,1,12618,12786,12115
01/095,C,1,12115,12786,12618
01/095,E,1,12814,12786,12618
01/095,E,2,12786,12115,12111
01/095,F,1,12814,12786,12618
01/095,F,2,12814,12786,12115
01/097,A,1,12165,12741,12736
01/097,A,2,12165,12741,12083
01/097,B,1,12736,12741,12083
01/097,B,2,12736,12741,12165
01/097,C,1,12744,12799,12741
01/097,D,1,12083,12741,12736
01/097,D,2,12741,12799,12744
01/097,E,1,12736,12741,12165
01/098,A,1,12843,12605,12609
01/098,A,2,12843,12605,12775
01/098,A,3,12843,12605,13125
01/098,A,4,12843,12605,12184
01/098,B,1,12184,12605,12609
01/098,B,2,12184,12605,12775
01/098,B,3,12184,12605,13125
01/098,C,1,13124,12605,12609
01/098,C,2,13124,12605,12775
01/098,C,3,13124,12605,13125
01/098,C,4,13124,12605,12184
01/099,A,1,12270,12267,12617
01/099,A,2,12270,12267,12272
01/099,A,3,12270,12267,12974
01/099,B,1,12974,12267,12617
01/099,B,2,12974,12267,12272
01/099,C,1,12272,12267,12617
01/099,C,2,12272,12267,12974
01/101,A,1,12643,12646,12628
01/101,A,2,12643,12646,12640
01/101,B,1,12640,12646,12628
01/101,C,1,12628,12646,12640
01/102,A,1,12801,12750,13140
01/102,A,2,12801,12750,13139
01/102,A,3,12801,12750,12022
01/102,B,1,13139,12750,12801
01/102,B,2,13139,12750,13140
01/102,B,3,13139,12750,12022
01/102,C,1,12022,12750,12801
01/102,C,2,12022,12750,13140
01/102,C,3,12022,12750,13139
01/102,D,1,13140,12750,12801
01/102,D,2,12750,13139,13142
01/102,D,3,13140,12750,12022
01/103,B,1,12782,13040,13955
01/103,C,1,13955,13040,12782
01/105,A,1,34328,12693,12929
01/105,B,1,12929,12693,34353
01/105,B,2,12929,12693,34328
01/105,C,1,34328,12693,34353
01/105,D,1,34353,12693,34328
01/106,A,1,12932,12856,12931
01/106,A,2,12932,12856,12398
01/106,B,1,12931,12856,12932
01/106,B,2,12931,12856,12398
01/106,C,1,12931,12856,12398
01/106,D,1,12398,12856,12931
01/106,D,2,12398,12856,12932
01/107,A,1,12371,12886,12883
01/107,A,2,12371,12886,12885
01/107,B,1,12885,12886,12371
01/107,C,1,12885,12886,12883
01/108,A,1,12885,12611,13180
01/108,B,1,13180,12611,12885
01/108,B,2,13180,12611,13220
01/108,C,1,12479,12611,13220
01/108,C,2,12479,12611,13180
01/108,D,1,13220,12611,12885
01/109,A,1,12610,12885,12611
01/109,A,2,12610,12885,12886
01/109,B,1,12611,12885,12886
01/109,C,1,12886,12885,12611
01/109,J,1,12591,12610,12885
01/109,M,1,12591,12610,12479
01/112,A,1,12890,12889,12884
01/112,A,2,12890,12889,12888
01/112,B,1,12888,12889,12890
01/112,C,1,12888,12889,12884
01/113,A,1,12889,12888,12887
01/113,B,1,12887,12888,12889
01/113,C,1,12893,12888,12887
01/113,C,2,12893,12888,12889
01/114,A,1,13389,12392,12042
01/114,A,2,12042,12392,13389
01/115,A,1,12392,12042,12043
01/115,A,2,12392,12042,12912
01/115,B,1,12912,12042,12043
01/115,B,2,12912,12042,12392
01/115,C,1,12043,12042,12912
01/115,C,2,12043,12042,12392
01/116,A,1,12392,13389,12054
01/116,A,2,12392,13389,13485
01/116,B,1,13485,13389,12392
01/116,B,2,13485,13389,12054
01/116,B,3,13485,13389,12191
01/116,C,1,12191,13389,12054
01/116,C,2,12191,13389,13485
01/116,D,1,12054,13389,12392
01/116,D,2,12054,13389,12191
01/120,A,1,12895,13520,13485
01/120,A,2,13485,13520,12895
01/121,A,1,13520,12895,34337
01/121,A,2,34337,12895,13520
01/122,A,1,13103,12561,13168
01/122,A,2,13103,12561,12494
01/122,B,1,13168,12561,13103
01/122,B,2,13168,12561,12494
01/122,C,1,12546,12561,13103
01/122,C,2,12546,12561,13168
01/122,C,3,12546,12561,12494
01/122,D,1,12494,12561,13103
01/122,D,2,12494,12561,13168
01/124,A,1,12888,12887,12445
01/124,B,1,12445,12887,12888
01/124,C,1,12369,12887,12888
01/125,A,1,12574,12802,12803
01/125,B,1,12574,12802,12591
01/125,E,1,12883,12591,12802
01/126,A,1,34335,34148,34334
01/126,A,2,34335,34148,66088
01/126,B,1,34334,34148,34173
01/126,B,2,34334,34148,66088
01/126,B,3,34334,34148,34335
01/126,C,1,34173,34148,34334
01/126,C,2,34173,34148,66088
01/126,C,3,34173,34148,34335
01/126,D,1,66088,34148,34173
01/126,D,2,66088,34148,34334
01/126,D,3,66088,34148,34335
01/126,E,1,34335,34148,34173
01/126,F,1,34334,34148,34173
01/127,A,1,12569,12557,12546
01/127,A,2,12569,12557,12427
01/127,B,1,12546,12557,12427
01/127,B,2,12546,12557,12569
01/127,D,1,13103,12557,12546
01/127,D,2,13103,12557,12427
01/127,D,3,13103,12557,12569
01/127,E,1,12427,12557,12546
01/127,F,1,12427,12557,12546
01/127,F,2,12427,12557,12569
01/128,A,1,12865,12525,12521
01/128,A,2,12865,12525,12909
01/128,B,1,12909,12525,12878
01/128,B,2,12909,12525,12865
01/128,B,3,12909,12525,12521
01/128,C,1,12521,12525,12878
01/128,C,2,12521,12525,12865
01/128,C,3,12521,12525,12909
01/128,D,1,12878,12525,12865
01/128,D,2,12878,12525,12521
01/128,K,1,12865,12525,12521
01/128,K,2,12865,12525,12909
01/129,A,1,12525,12878,13185
01/129,A,2,12525,12878,12910
01/129,B,1,13185,12878,12910
01/129,B,2,13185,12878,12525
01/129,B,3,13185,12878,13092
01/129,D,1,12910,12878,13185
01/129,D,2,12910,12878,12525
01/129,D,3,12910,12878,13092
01/129,E,1,13092,12878,13185
01/129,E,2,13092,12878,12910
01/129,E,3,13092,12878,12525
01/130,A,1,12880,12879,13178
01/130,A,2,12880,12879,13185
01/130,A,3,12880,12879,13184
01/130,B,1,13185,12879,13178
01/130,B,2,13185,12879,12880
01/130,B,3,13185,12879,13184
01/130,C,1,13185,12879,13184
01/130,D,1,13184,12879,13178
01/130,D,2,13184,12879,13185
01/130,D,3,13184,12879,12880
01/131,A,1,34044,12881,12443
01/131,A,2,34044,12881,34517
01/131,A,3,34044,12881,34106
01/131,B,1,34106,12881,12443
01/131,B,2,34106,12881,34517
01/131,B,3,34106,12881,34044
01/131,C,1,12443,12881,34517
01/131,C,2,12443,12881,34044
01/131,C,3,12443,12881,34106
01/131,E,1,34517,12881,12443
01/131,E,2,34517,12881,34044
01/131,E,3,34517,12881,34106
01/132,A,1,34106,13095,12877
01/132,A,2,34106,13095,34107
01/132,B,1,12877,13095,34107
01/132,B,2,12877,13095,34106
01/132,C,1,34107,13095,12877
01/132,C,2,34107,13095,34106
01/133,A,1,12882,12569,12557
01/133,A,2,12882,12569,12803
01/133,A,3,12882,12569,12411
01/133,B,1,12411,12569,12557
01/133,B,2,12411,12569,12803
01/133,C,1,12557,12569,12803
01/133,C,2,12557,12569,12411
01/133,C,3,12557,12569,12882
01/133,D,1,12803,12569,12411
01/133,D,2,12803,12569,12882
01/134,A,1,12883,12882,12569
01/134,A,2,12883,12882,13093
01/134,A,3,12883,12882,13177
01/134,B,1,13093,12882,12569
01/134,B,2,13093,12882,12883
01/134,B,3,13093,12882,13177
01/134,G,1,12569,12882,13093
01/134,G,2,12569,12882,12883
01/134,G,3,12569,12882,13177
01/134,H,1,13177,12882,12569
01/134,H,2,13177,12882,13093
01/134,H,3,13177,12882,12883
01/135,A,1,12373,12383,12043
01/135,A,2,12373,12383,66000
01/135,A,3,12373,12383,12044
01/135,B,1,66000,12383,12043
01/135,B,2,66000,12383,12373
01/135,B,3,66000,12383,12044
01/135,C,1,12043,12383,12373
01/135,C,2,12043,12383,66000
01/135,C,3,12043,12383,12044
01/135,D,1,12044,12383,12043
01/135,D,2,12044,12383,12373
01/135,D,3,12044,12383,66000
01/136,A,1,12383,12373,12372
01/136,A,2,12383,12373,12377
01/136,A,3,12383,12373,13479
01/136,B,1,13479,12373,12383
01/136,B,2,13479,12373,12372
01/136,B,3,13479,12373,12377
01/136,C,1,12372,12373,12383
01/136,C,2,12372,12373,12377
01/136,C,3,12372,12373,13479
01/136,D,1,12377,12373,12383
01/136,D,2,12377,12373,12372
01/136,D,3,12377,12373,13479
01/137,A,1,66026,66004,12458
01/137,A,2,66026,66004,12043
01/137,A,3,66026,66004,66000
01/137,B,1,66000,66004,12458
01/137,B,2,66000,66004,12043
01/137,B,3,66000,66004,66026
01/137,C,1,12043,66004,12458
01/137,C,2,12043,66004,66026
01/137,C,3,12043,66004,66000
01/138,A,1,12450,12049,12365
01/138,A,2,12450,12049,12051
01/138,A,3,12450,12049,12454
01/138,B,1,12365,12049,12051
01/138,B,2,12365,12049,12366
01/138,B,3,12365,12049,12454
01/138,C,1,12454,12049,12365
01/138,C,2,12454,12049,12051
01/138,C,3,12454,12049,12366
01/139,B,1,13199,12223,13335
01/139,D,1,13186,12223,13335
01/139,D,2,13186,12223,13199
01/140,A,1,13070,13105,13069
01/140,B,1,13069,13105,13070
01/140,D,1,13353,13105,13070
01/140,D,2,13353,13105,13069
01/141,A,1,13070,13072,13215
01/141,D,1,13071,12486,13357
01/141,D,2,13071,12486,13356
01/141,E,1,13356,12486,13357
01/141,F,1,13071,12486,13356
01/142,A,1,13202,12226,13201
01/142,B,1,13201,12226,12867
01/142,B,2,13201,12226,13202
01/142,C,1,13062,12226,13201
01/142,C,2,13062,12226,12867
01/142,C,3,13062,12226,13202
01/142,F,1,12867,12226,13062
01/143,A,1,13061,12224,12903
01/143,A,2,13061,12224,13076
01/143,B,1,13076,12224,13061
01/143,C,1,12903,12224,13330
01/143,D,1,13330,12224,12903
01/143,D,2,13330,12224,13076
01/143,E,1,13076,12224,12903
01/144,A,1,13439,12291,13333
01/144,A,2,13439,12291,13208
01/144,B,1,13208,12291,13333
01/144,C,1,13333,12291,13208
01/144,E,1,13208,12291,13439
01/146,A,1,13213,12477,13214
01/146,B,1,12402,12477,13214
01/146,C,1,13214,12477,12402
01/146,F,1,13082,12478,13209
01/146,G,1,13214,12477,13213
01/146,H,1,12577,12478,13209
01/146,I,1,12577,12478,13082
01/147,A,1,13212,12228,13211
01/147,B,1,13211,12228,13391
01/147,B,2,13211,12228,13212
01/147,C,1,13211,12228,12480
01/147,D,1,12480,12228,13211
01/147,D,2,12480,12228,13391
01/147,E,1,13391,12228,13212
01/147,E,2,13391,12228,12480
01/148,A,1,14506,14004,14557
01/148,A,2,14506,14004,12480
01/148,B,1,14557,14004,14726
01/148,B,2,14557,14004,14506
01/148,C,1,12480,14004,14557
01/148,C,2,12480,14004,14726
01/148,C,3,12480,14004,14506
01/148,D,1,14726,14004,14506
01/148,D,2,14726,14004,12480
01/149,A,1,14388,14508,14506
01/149,B,1,14508,14388,14512
01/149,C,1,14508,14388,14112
01/149,D,1,14284,14388,14508
01/149,D,2,14284,14388,14112
01/149,D,3,14284,14388,14512
01/150,A,1,14562,14283,14511
01/150,B,1,14283,14562,14513
01/150,D,1,14314,14283,14562
01/151,A,1,12080,13478,12902
01/151,B,1,12902,13478,12080
01/151,C,1,13480,13478,12902
01/151,C,2,13480,13478,12080
01/152,A,1,13106,12500,12080
01/152,A,2,13106,12500,12493
01/152,A,3,13106,12500,12513
01/152,B,1,12080,12500,12493
01/152,B,2,12080,12500,12513
01/152,B,3,12080,12500,13106
01/152,C,1,12513,12500,12080
01/152,C,2,12513,12500,12493
01/152,D,1,12493,12500,12080
01/152,D,2,12493,12500,12513
01/153,A,1,12515,13063,13106
01/153,A,2,12515,13063,12954
01/153,A,3,12515,13063,12084
01/153,B,1,13106,13063,12515
01/153,B,2,13106,13063,12954
01/153,B,3,13106,13063,12084
01/153,C,1,12954,13063,12515
01/153,C,2,12954,13063,13106
01/153,C,3,12954,13063,12084
01/153,D,1,12084,13063,12515
01/153,D,2,12084,13063,13106
01/153,D,3,12084,13063,12954
01/154,A,1,12954,12493,12491
01/154,A,2,12954,12493,12500
01/154,A,3,12954,12493,13480
01/154,B,1,13480,12493,12954
01/154,B,2,13480,12493,12491
01/154,B,3,13480,12493,12500
01/154,C,1,12491,12493,12954
01/154,C,2,12491,12493,12500
01/154,C,3,12491,12493,13480
01/154,D,1,12500,12493,12954
01/154,D,2,12500,12493,12491
01/154,D,3,12500,12493,13480
01/155,A,1,12230,12954,13063
01/155,A,2,12230,12954,12493
01/155,B,1,12493,12954,12230
01/155,B,2,12493,12954,13063
01/155,D,1,13063,12954,12230
01/155,D,2,13063,12954,12493
01/156,A,1,12226,12867,12160
01/156,A,2,12226,12867,13329
01/156,B,1,13329,12867,12226
01/156,C,1,13318,12867,12160
01/156,C,2,13318,12867,13329
01/156,C,3,13318,12867,12226
01/156,D,1,12160,12867,13329
01/157,A,1,13279,12370,13277
01/157,A,2,13279,12370,13340
01/157,B,1,13340,12370,13279
01/157,B,2,13340,12370,13277
01/157,C,1,13340,12370,13278
01/157,D,1,13277,12370,13278
01/157,D,2,13277,12370,13340
01/157,E,1,13278,12370,13279
01/157,E,2,13278,12370,13277
01/157,E,3,13278,12370,13340
01/158,A,1,13317,13276,13278
01/158,B,1,13278,13276,13317
01/159,A,1,13322,13323,13325
01/159,B,1,13323,13322,13320
01/160,B,1,12922,12499,12496
01/160,B,2,12922,12499,13018
01/160,C,1,13018,12499,12922
01/160,E,1,12496,12503,12505
01/160,F,1,12501,12499,12496
01/160,F,2,12501,12499,13018
01/161,A,1,12449,12512,12506
01/161,B,1,12506,12512,12154
01/161,B,2,12506,12512,12449
01/161,C,1,12916,12512,12154
01/161,C,2,12916,12512,12449
01/161,C,3,12916,12512,12506
01/162,A,1,12449,12519,13991
01/162,B,1,13991,12519,12449
01/162,C,1,12526,12519,12760
01/162,C,2,12526,12519,12449
01/162,D,1,12760,12519,12526
01/162,E,1,13991,12519,12526
01/162,F,1,12760,12519,13991
01/163,A,1,12544,12531,13347
01/163,A,2,12544,12531,13284
01/163,A,3,12544,12531,13991
01/163,B,1,13991,12531,13347
01/163,B,2,13991,12531,12544
01/163,B,3,13991,12531,13284
01/164,A,1,12531,12544,13223
01/164,E,1,13223,12544,12531
01/165,A,1,13226,12558,12028
01/165,A,2,13226,12558,13343
01/165,B,1,13343,12558,12028
01/165,B,2,13343,12558,13226
01/165,B,3,13343,12558,13224
01/165,C,1,12028,12558,13226
01/165,C,2,12028,12558,13343
01/165,C,3,12028,12558,13224
01/165,D,1,13224,12558,12028
01/165,D,2,13224,12558,13226
01/165,D,3,13224,12558,13343
01/166,A,1,12951,12570,12029
01/166,A,2,12951,12570,13112
01/166,B,1,13112,12570,12029
01/166,B,2,13112,12570,12951
01/166,C,1,12029,12570,13112
01/166,C,2,12029,12570,13225
01/166,D,1,13225,12570,12029
01/166,D,2,13225,12570,13112
01/167,A,1,13225,12562,12554
01/167,A,2,13225,12562,13120
01/167,A,3,13225,12562,13341
01/167,B,1,12554,12562,13120
01/167,B,2,12554,12562,13341
01/167,B,3,12554,12562,13225
01/167,C,1,13120,12562,12554
01/167,C,2,13120,12562,13341
01/167,C,3,13120,12562,13225
01/167,D,1,13341,12562,12554
01/167,D,2,13341,12562,13120
01/167,D,3,13341,12562,13225
01/168,A,1,13348,12537,13107
01/168,A,2,13348,12537,13187
01/168,A,3,13348,12537,12547
01/168,B,1,13187,12537,13107
01/168,B,2,13187,12537,13348
01/168,B,3,13187,12537,12547
01/168,C,1,13107,12537,13348
01/168,C,2,13107,12537,13187
01/168,C,3,13107,12537,12547
01/168,D,1,12547,12537,13107
01/168,D,2,12547,12537,13348
01/168,D,3,12547,12537,13187
01/169,A,1,13225,12547,12537
01/169,A,2,13225,12547,12549
01/169,A,3,13225,12547,13224
01/169,B,1,12537,12547,12549
01/169,B,2,12537,12547,13224
01/169,C,1,13224,12547,12537
01/169,C,2,13224,12547,12549
01/169,D,1,12549,12547,12537
01/169,D,2,12549,12547,13224
01/170,A,1,13120,12549,12542
01/170,A,2,13120,12549,12575
01/170,A,3,13120,12549,12547
01/170,B,1,12547,12549,12542
01/170,B,2,12547,12549,13120
01/170,B,3,12547,12549,12575
01/170,C,1,12575,12549,12542
01/170,C,2,12575,12549,13120
01/170,C,3,12575,12549,12547
01/170,D,1,12542,12549,13120
01/170,D,2,12542,12549,12575
01/170,D,3,12542,12549,12547
01/171,A,1,12542,12528,12515
01/171,A,2,12542,12528,12523
01/171,A,3,12542,12528,12575
01/171,B,1,12515,12528,12523
01/171,B,2,12515,12528,12575
01/171,B,3,12515,12528,12542
01/171,C,1,12575,12528,12515
01/171,C,2,12575,12528,12523
01/171,D,1,12523,12528,12515
01/171,D,2,12523,12528,12575
01/172,A,1,12554,12542,12549
01/172,A,2,12554,12542,12528
01/172,A,3,12554,12542,12535
01/172,B,1,12528,12542,12549
01/172,B,2,12528,12542,12535
01/172,B,3,12528,12542,12554
01/172,C,1,12549,12542,12528
01/172,C,2,12549,12542,12535
01/172,C,3,12549,12542,12554
01/173,A,1,12956,12523,12483
01/173,A,2,12956,12523,12230
01/173,A,3,12956,12523,12528
01/173,B,1,12230,12523,12483
01/173,B,2,12230,12523,12528
01/173,B,3,12230,12523,12956
01/173,C,1,12483,12523,12230
01/173,C,2,12483,12523,12528
01/173,C,3,12483,12523,12956
01/173,D,1,12528,12523,12483
01/173,D,2,12528,12523,12230
01/173,D,3,12528,12523,12956
01/174,A,1,12956,12535,12269
01/174,C,1,12542,12535,12269
01/174,C,2,12542,12535,12956
01/174,D,1,12269,12535,12956
01/175,A,1,12576,12554,12562
01/175,A,2,12576,12554,12542
01/175,A,3,12576,12554,12551
01/175,B,1,12542,12554,12562
01/175,B,2,12542,12554,12576
01/175,B,3,12542,12554,12551
01/175,C,1,12562,12554,12576
01/175,C,2,12562,12554,12542
01/175,C,3,12562,12554,12551
01/175,D,1,12551,12554,12562
01/175,D,2,12551,12554,12576
01/175,D,3,12551,12554,12542
01/176,A,1,12960,12551,12554
01/176,A,2,12960,12551,12959
01/176,B,1,12959,12551,12960
01/176,B,2,12959,12551,12764
01/176,B,3,12959,12551,12554
01/176,C,1,12554,12551,12960
01/176,C,2,12554,12551,12764
01/176,C,3,12554,12551,12959
01/176,D,1,12764,12551,12960
01/176,D,2,12764,12551,12554
01/176,F,1,12551,12960,12962
01/176,G,1,12962,12960,12551
01/177,A,1,12551,12764,12269
01/177,A,2,12551,12764,12540
01/177,B,1,12540,12764,12551
01/177,B,2,12540,12764,12269
01/177,C,1,12568,12764,12551
01/177,C,2,12568,12764,12269
01/177,C,3,12568,12764,12540
01/178,A,1,12764,12540,12564
01/178,A,2,12764,12540,13150
01/178,A,3,12764,12540,13151
01/178,B,1,13151,12540,12764
01/178,B,2,13151,12540,12564
01/178,B,3,13151,12540,13150
01/178,C,1,13150,12540,12764
01/178,C,2,13150,12540,12564
01/178,C,3,13150,12540,13151
01/179,A,1,12196,12195,13162
01/179,A,2,12196,12195,13151
01/179,B,1,13151,12195,13162
01/179,C,1,13162,12195,13151
01/180,A,1,12195,13162,12532
01/180,A,2,12195,13162,12198
01/180,B,1,12532,13162,12198
01/180,B,2,12532,13162,12195
01/180,C,1,12093,13162,12532
01/180,C,2,12093,13162,12198
01/180,C,3,12093,13162,12195
01/181,A,1,13162,12532,12529
01/181,A,2,13162,12532,12094
01/181,C,1,13116,12532,12529
01/181,C,2,13116,12532,12094
01/181,C,3,13116,12532,13162
01/182,A,1,12532,12529,12524
01/182,B,1,12095,12529,12524
01/182,C,1,13118,12529,12524
01/184,A,1,12498,12522,12520
01/184,A,2,12498,12522,12533
01/184,B,1,12533,12522,12520
01/184,B,2,12533,12522,12498
01/184,C,1,12533,12522,12520
01/184,D,1,12524,12522,12520
01/184,D,2,12524,12522,12533
01/184,D,3,12524,12522,12498
01/185,A,1,12522,12520,12309
01/185,A,2,12522,12520,13115
01/185,A,3,12522,12520,12530
01/185,B,1,13115,12520,12309
01/185,B,2,13115,12520,12530
01/185,C,1,12530,12520,12309
01/185,C,2,12530,12520,13115
01/186,A,1,12520,12309,12761
01/186,B,1,12520,12309,12340
01/186,C,1,12761,12309,12340
01/187,A,1,12309,12761,12319
01/187,A,2,12309,12761,12514
01/187,B,1,12514,12761,12309
01/187,B,2,12514,12761,12319
01/188,A,1,12761,12514,12510
01/188,B,1,12510,12514,12761
01/189,A,1,12514,12510,14290
01/189,A,2,12514,12510,14291
01/189,A,3,12514,12510,12915
01/189,B,1,14291,12510,14290
01/189,B,2,14291,12510,12915
01/189,B,3,14291,12510,12514
01/189,C,1,12514,12510,12915
01/190,A,1,12548,12533,12068
01/190,A,2,12548,12533,12522
01/190,B,1,12522,12533,12548
01/190,C,1,12530,12533,12068
01/190,C,2,12530,12533,12522
01/190,C,3,12530,12533,12548
01/192,A,1,12517,13150,12540
01/192,B,1,12540,13150,12517
01/192,D,1,12540,13150,12517
01/192,D,2,12540,13150,12540
01/193,A,1,12523,12230,12954
01/193,B,1,12954,12230,12523
01/193,C,1,12528,12523,12483
01/193,D,1,12483,12523,12528
01/194,A,1,12340,12530,12545
01/194,A,2,12340,12530,12533
01/194,A,3,12340,12530,12520
01/194,B,1,12545,12530,12533
01/194,B,2,12545,12530,12520
01/194,C,1,12520,12530,12545
01/194,C,2,12520,12530,12533
01/195,A,1,12522,12498,12552
01/195,A,2,12522,12498,12488
01/195,B,1,12488,12498,12522
01/195,B,2,12488,12498,12552
01/195,C,1,12755,12498,12522
01/195,C,2,12755,12498,12552
01/195,C,3,12755,12498,12488
01/196,A,1,12560,12577,12478
01/196,A,2,12560,12577,12679
01/196,A,3,12560,12577,12487
01/196,B,1,12487,12577,12478
01/196,B,2,12487,12577,12679
01/196,C,1,12679,12577,12478
01/196,C,2,12679,12577,12487
01/197,A,1,13358,12679,12482
01/197,A,2,13358,12679,12565
01/197,A,3,13358,12679,12577
01/197,B,1,12577,12679,12482
01/197,B,2,12577,12679,12565
01/197,C,1,12482,12679,12565
01/197,C,2,12482,12679,12577
01/198,A,1,12488,12482,12696
01/198,A,2,12488,12482,12679
01/198,A,3,12488,12482,12480
01/198,B,1,12480,12482,12696
01/198,B,2,12480,12482,12488
01/198,B,3,12480,12482,12679
01/198,C,1,12679,12482,12696
01/198,C,2,12679,12482,12488
01/198,C,3,12679,12482,12480
01/199,A,1,12550,12560,12577
01/199,A,2,12550,12560,12565
01/199,B,1,12497,12560,12577
01/199,B,2,12497,12560,12565
01/200,A,1,12560,12565,12552
01/200,A,2,12560,12565,12488
01/200,B,1,12679,12565,12552
01/200,B,2,12679,12565,12488
01/201,A,1,12498,12488,12485
01/201,A,2,12498,12488,12482
01/201,B,1,12482,12488,12498
01/201,B,2,12482,12488,12485
01/201,C,1,12565,12488,12498
01/201,C,2,12565,12488,12485
01/201,C,3,12565,12488,12482
01/202,A,1,12094,12550,12560
01/202,A,2,12094,12550,12098
01/202,B,1,12766,12550,12560
01/202,B,2,12766,12550,12098
01/203,A,1,12565,12552,12095
01/203,A,2,12565,12552,12766
01/203,B,1,12498,12552,12095
01/203,B,2,12498,12552,12766
01/204,A,1,12492,13198,13064
01/204,B,1,13198,12492,12852
01/204,C,1,13352,12492,13198
01/204,C,2,13352,12492,12852
01/204,E,1,13198,12492,13352
01/205,A,1,12251,12576,12554
01/205,A,2,12251,12576,12966
01/205,B,1,12554,12576,13119
01/205,C,1,13119,12576,12966
01/205,D,1,12966,12576,13119
01/205,E,1,13119,12576,12554
01/206,A,1,12965,12571,12769
01/206,A,2,12965,12571,12966
01/206,A,3,12965,12571,12260
01/206,B,1,12769,12571,12965
01/206,B,2,12769,12571,12966
01/206,B,3,12769,12571,12260
01/206,C,1,12966,12571,12965
01/206,C,2,12966,12571,12769
01/207,A,1,12769,12568,12564
01/207,B,1,12564,12568,12769
01/207,C,1,12608,12568,12764
01/208,A,1,12568,12564,12563
01/208,B,1,12563,12564,12568
01/208,C,1,12540,12564,12607
01/209,A,1,12564,12563,12559
01/209,B,1,12559,12563,12564
01/210,A,1,12563,12559,12556
01/210,A,2,12563,12559,12583
01/210,B,1,12556,12559,12583
01/210,B,2,12556,12559,12563
01/210,C,1,13164,12559,12556
01/210,C,2,13164,12559,12583
01/211,A,1,12556,12553,13117
01/211,B,1,13117,12553,12556
01/211,C,1,12033,12553,12031
01/212,A,1,12968,12548,12432
01/212,A,2,12968,12548,13121
01/212,A,3,12968,12548,12533
01/212,B,1,13121,12548,12968
01/212,B,2,13121,12548,12432
01/212,C,1,12432,12548,12968
01/212,C,2,12432,12548,12533
01/212,D,1,12533,12548,12968
01/212,D,2,12533,12548,12432
01/212,E,1,12968,12548,12432
01/215,A,1,12543,12539,12538
01/215,B,1,12538,12539,12341
01/215,B,2,12538,12539,12543
01/215,C,1,12319,12539,12341
01/215,C,2,12319,12539,12538
01/216,A,1,12539,12538,13431
01/216,B,1,13431,12538,12539
01/216,B,2,13431,12538,12915
01/216,C,1,12633,12538,12915
01/217,A,1,12538,13431,12534
01/217,A,2,12538,13431,12538
01/217,B,1,12538,13431,12534
01/217,C,1,12534,13431,12538
01/218,A,1,12081,12358,14358
01/218,B,1,12358,12081,12534
01/218,C,1,14836,12081,12358
01/218,D,1,12359,12081,12534
01/221,A,1,12170,12495,13115
01/221,A,2,12170,12495,12755
01/221,B,1,12489,12495,13115
01/221,B,2,12489,12495,12755
01/222,A,1,12923,12426,12501
01/222,A,2,12923,12426,13059
01/222,B,1,13059,12426,12923
01/222,B,2,13059,12426,12501
01/222,C,1,12501,12426,12923
01/222,C,2,12501,12426,13059
01/223,A,1,12007,12380,12005
01/223,A,2,12007,12380,12381
01/223,A,3,12007,12380,13338
01/223,B,1,12381,12380,12005
01/223,B,2,12381,12380,13338
01/223,B,3,12381,12380,12007
01/223,C,1,13338,12380,12005
01/223,C,2,13338,12380,12381
01/223,C,3,13338,12380,12007
01/223,D,1,12005,12380,12381
01/223,D,2,12005,12380,13338
01/223,D,3,12005,12380,12007
01/224,A,1,12002,12395,12003
01/224,A,2,12002,12395,12389
01/224,B,1,12389,12395,12003
01/224,B,2,12389,12395,12002
01/224,D,1,12003,12395,12389
01/224,D,2,12003,12395,12002
01/225,A,1,13387,14736,14613
01/225,A,2,13387,14736,12193
01/225,B,1,14613,14736,14627
01/225,B,2,14613,14736,12193
01/225,B,3,14613,14736,13387
01/225,C,1,12193,14736,14627
01/225,C,2,12193,14736,14613
01/225,D,1,14627,14736,14613
01/225,D,2,14627,14736,12193
01/225,D,3,14627,14736,13387
01/226,A,1,13306,14121,14658
01/226,A,2,13306,14121,12143
01/226,B,1,14658,14121,13519
01/226,B,2,14658,14121,13306
01/226,C,1,12143,14121,14658
01/226,C,2,12143,14121,13519
01/226,C,3,12143,14121,13306
01/226,D,1,13519,14121,14658
01/226,D,2,13519,14121,13306
01/226,D,3,13519,14121,12143
01/227,A,1,13304,12386,12144
01/227,A,2,13304,12386,13303
01/227,A,3,13304,12386,13246
01/227,B,1,13303,12386,12144
01/227,B,2,13303,12386,13304
01/227,C,1,12144,12386,13304
01/227,C,2,12144,12386,13246
01/227,D,1,13246,12386,12144
01/227,D,2,13246,12386,13303
01/227,D,3,13246,12386,13304
01/228,A,1,13299,13271,12453
01/228,A,2,13299,13271,12379
01/228,A,3,13299,13271,13300
01/228,B,1,13300,13271,13299
01/228,B,2,13300,13271,12379
01/228,D,1,12379,13271,13299
01/228,D,2,12379,13271,12453
01/228,E,1,12453,13271,13299
01/228,E,2,12453,13271,12379
01/228,E,3,12453,13271,13300
01/229,A,1,12376,13337,12055
01/229,A,2,12376,13337,13298
01/229,B,1,12368,12376,13337
01/229,C,1,13337,12376,12368
01/229,C,2,13337,12376,13245
01/229,D,1,13298,13337,12055
01/229,D,2,13298,13337,12376
01/229,E,1,12368,12376,13245
01/229,F,1,13245,12376,12368
01/229,F,2,13245,12376,13337
01/229,G,1,12055,13337,13298
01/229,G,2,12055,13337,12376
01/230,A,1,12395,12389,13280
01/230,A,2,12395,12389,13287
01/230,A,3,12395,12389,12004
01/230,B,1,13287,12389,12395
01/230,B,2,13287,12389,12004
01/230,C,1,13280,12389,13287
01/230,C,2,13280,12389,12004
01/230,D,1,12004,12389,12395
01/230,D,2,12004,12389,13280
01/231,A,1,12756,12511,12773
01/231,A,2,12756,12511,13992
01/231,A,3,12756,12511,13187
01/231,B,1,12773,12511,12756
01/231,B,2,12773,12511,13992
01/231,B,3,12773,12511,13187
01/231,C,1,13992,12511,12773
01/231,C,2,13992,12511,12756
01/231,C,3,13992,12511,13187
01/231,D,1,13187,12511,12773
01/231,D,2,13187,12511,12756
01/231,D,3,13187,12511,13992
01/232,A,1,13317,13319,12337
01/232,B,1,12337,13319,13317
01/232,C,1,12337,13319,12337
01/233,A,1,13338,13342,12425
01/233,B,1,12425,13342,13338
01/234,A,1,12005,12387,12379
01/234,A,2,12005,12387,12048
01/234,A,3,12005,12387,12004
01/234,B,1,12048,12387,12379
01/234,B,2,12048,12387,12005
01/234,B,3,12048,12387,12004
01/234,C,1,12048,12387,12379
01/234,D,1,12379,12387,12005
01/234,D,2,12379,12387,12048
01/234,D,3,12379,12387,12004
01/234,E,1,12004,12387,12379
01/234,E,2,12004,12387,12005
01/234,E,3,12004,12387,12048
01/235,A,1,13287,12381,13270
01/235,B,1,13270,12381,13287
01/235,C,1,12380,12381,13270
01/235,C,2,12380,12381,13287
01/235,D,1,13270,12381,12380
01/236,A,1,13271,12379,12387
01/236,A,2,13271,12379,13246
01/236,A,3,13271,12379,13245
01/236,B,1,12387,12379,13246
01/236,B,2,12387,12379,13245
01/236,B,3,12387,12379,13271
01/236,C,1,13246,12379,12387
01/236,C,2,13246,12379,13245
01/236,C,3,13246,12379,13271
01/236,D,1,13245,12379,12387
01/236,D,2,13245,12379,13246
01/236,D,3,13245,12379,13271
01/237,A,1,13293,12412,13340
01/237,A,2,13293,12412,13275
01/237,B,1,13340,12412,13293
01/237,B,2,13340,12412,13275
01/237,C,1,13275,12412,13293
01/237,C,2,13275,12412,13340
01/238,A,1,12379,13246,13265
01/238,A,2,12379,13246,13519
01/238,A,3,12379,13246,12386
01/238,B,1,13519,13246,13265
01/238,B,2,13519,13246,12379
01/238,B,3,13519,13246,12386
01/238,C,1,12386,13246,13265
01/238,C,2,12386,13246,13519
01/238,C,3,12386,13246,12379
01/238,D,1,13265,13246,13519
01/238,D,2,13265,13246,12379
01/238,D,3,13265,13246,12386
01/239,A,1,12459,12526,12460
01/239,A,2,12459,12526,12519
01/239,B,1,12519,12526,13284
01/239,B,2,12519,12526,12459
01/239,C,1,12519,12526,12460
01/241,A,1,13205,12225,12337
01/241,A,2,13205,12225,13206
01/241,B,1,12337,12225,13206
01/241,C,1,13206,12225,13205
01/243,A,1,12536,12031,12541
01/243,B,1,12536,12031,12541
01/243,C,1,12553,12031,12541
01/244,A,1,12875,12873,12146
01/244,B,1,12866,12873,12146
01/246,A,1,12313,12664,12661
01/246,B,1,12661,12664,12313
01/246,C,1,12626,12664,12661
01/246,C,2,12626,12664,12313
01/247,A,1,12068,12536,12031
01/247,B,1,12524,12536,12031
01/248,A,1,12904,14284,14388
01/248,A,2,14549,14284,12904
01/249,A,1,12735,12732,12292
01/249,A,2,12735,12732,12798
01/249,A,3,12735,12732,12740
01/249,B,1,12292,12732,12735
01/249,B,2,12292,12732,12798
01/249,B,3,12292,12732,12740
01/249,C,1,12798,12732,12735
01/249,C,2,12798,12732,12292
01/249,C,3,12798,12732,12740
01/249,D,1,12740,12732,12735
01/249,D,2,12740,12732,12292
01/249,D,3,12740,12732,12798
01/254,A,1,12898,12079,12935
01/254,A,2,12935,12079,12898
01/256,A,1,12770,12909,12525
01/256,A,2,12770,12909,12910
01/256,C,1,12153,12909,12525
01/256,C,2,12153,12909,12910
01/256,C,3,12153,12909,12770
01/258,A,1,12092,12590,12804
01/258,A,2,12092,12590,12599
01/258,B,1,12804,12590,12599
01/258,B,2,12804,12590,12092
01/259,A,1,12078,12997,12603
01/259,B,1,12603,12997,12078
01/259,C,1,12343,12997,12078
01/259,C,2,12343,12997,12603
01/260,A,1,13007,13054,12815
01/260,A,2,13007,13054,13052
01/260,B,1,13052,13054,13007
01/260,C,1,13052,13054,12815
01/267,A,1,66004,12043,12383
01/267,A,2,66004,12043,12042
01/267,A,3,66004,12043,12054
01/267,B,1,12042,12043,12383
01/267,B,2,12042,12043,12054
01/267,B,3,12042,12043,66004
01/267,C,1,12054,12043,12383
01/267,C,2,12054,12043,12042
01/267,C,3,12054,12043,66004
01/267,D,1,12383,12043,12042
01/267,D,2,12383,12043,12054
01/267,D,3,12383,12043,66004
01/272,A,1,12800,13157,12747
01/272,C,1,12747,13157,12183
01/279,A,1,12872,12880,12879
01/279,B,1,12879,12880,12872
01/279,B,2,12879,12880,12879
01/279,D,1,12945,12880,12872
01/279,D,2,12945,12880,12879
01/279,G,1,12947,12945,12880
01/281,A,1,12077,12989,12310
01/281,D,1,12310,12989,12077
01/283,A,1,12311,12312,12313
01/283,A,2,12311,12312,12314
01/283,B,1,12313,12312,12314
01/283,D,1,12313,12312,12311
01/284,A,1,13274,13288,12399
01/284,A,2,13274,13288,13391
01/284,A,3,13274,13288,13333
01/284,B,1,13391,13288,13274
01/284,B,2,13391,13288,12399
01/284,B,3,13391,13288,13333
01/284,C,1,13333,13288,13274
01/284,C,2,13333,13288,12399
01/284,C,3,13333,13288,13391
01/284,D,1,12399,13288,13274
01/284,D,2,12399,13288,13391
01/284,D,3,12399,13288,13333
01/285,A,1,14737,14530,14219
01/285,A,2,14219,14530,14737
01/286,A,1,12159,14737,14530
01/286,A,2,14530,14737,12159
01/287,A,1,12666,12670,12082
01/287,A,2,12666,12670,12699
01/287,B,1,12082,12670,12699
01/287,C,1,12666,12670,12699
01/288,A,1,12662,12012,12082
01/288,B,1,12082,12012,12662
01/292,A,1,12654,12687,12789
01/292,A,2,12654,12687,12662
01/292,B,1,12789,12687,12662
01/292,B,2,12789,12687,12654
01/292,C,1,12662,12687,12789
01/292,C,2,12662,12687,12654
01/294,A,1,13299,13298,13337
01/294,A,2,13337,13298,13299
01/296,A,1,12642,12108,12651
01/296,B,1,13031,12108,12642
01/296,C,1,12642,12108,12642
01/296,C,2,12642,12108,12651
01/300,A,1,12687,12654,12106
01/300,B,1,12106,12654,12671
01/300,B,2,12106,12654,12687
01/300,C,1,12687,12654,12671
01/300,D,1,12671,12654,12106
01/300,D,2,12671,12654,12687
01/301,B,1,14738,12390,13280
01/301,D,1,13280,12390,14738
01/302,A,1,12692,13032,13033
01/302,A,2,13033,13032,12692
01/304,A,1,12618,12103,12613
01/304,B,1,12613,12103,12618
01/306,A,1,12608,12612,12036
01/306,B,1,12036,12612,12620
01/306,C,1,12897,12612,12036
01/306,C,2,12897,12612,12620
01/307,A,1,12426,12923,12922
01/307,A,2,12922,12923,12426
01/310,A,1,12682,12680,13147
01/310,B,1,12967,12680,13147
01/311,A,1,12332,12688,12686
01/313,A,1,12918,12920,12745
01/313,B,1,12745,12920,12918
01/313,C,1,12181,12920,12745
01/313,G,1,12745,12920,12181
01/315,A,1,12950,12948,12600
01/315,B,1,12600,12948,12950
01/320,A,1,12743,12737,12215
01/320,A,2,12215,12737,12743
01/322,A,1,13211,13085,13358
01/323,A,1,12629,12624,13965
01/323,A,2,12629,12624,12991
01/323,B,1,12774,12624,13965
01/323,B,2,12774,12624,12991
01/324,A,1,13900,12774,12347
01/324,A,2,13900,12774,12352
01/324,B,1,12352,12774,12624
01/324,B,2,12352,12774,13900
01/324,C,1,12352,12774,12347
01/324,I,1,12350,12774,12624
01/325,A,1,12936,12938,12936
01/325,A,2,12936,12938,12939
01/325,B,1,12939,12938,12936
01/325,D,1,12936,12938,12936
01/325,D,2,12936,12938,12939
01/332,A,1,13237,12580,13240
01/332,A,2,13237,12580,12771
01/332,B,1,13240,12580,12771
01/332,B,2,13240,12580,13237
01/332,B,3,13240,12580,12813
01/332,C,1,12771,12580,13240
01/332,C,2,12771,12580,13237
01/334,A,1,13128,12861,12860
01/334,B,1,12860,12861,13128
01/334,C,1,12165,12861,13128
01/334,D,1,13128,12861,12165
01/335,A,1,12797,12733,12731
01/343,A,1,12888,12887,12445
01/345,A,1,13472,12104,13281
01/345,B,1,13281,12104,13472
01/348,A,1,12753,12754,12021
01/348,A,2,12753,12754,12013
01/348,B,1,12013,12754,12753
01/348,B,2,12013,12754,12021
01/348,C,1,12013,12754,12021
01/348,D,1,12021,12754,12753
01/348,D,2,12021,12754,12013
01/351,A,1,12047,13472,13263
01/351,A,2,12047,13472,12104
01/351,B,1,13263,13472,12047
01/351,B,2,13263,13472,12104
01/351,D,1,12104,13472,12047
01/351,D,2,12104,13472,13263
01/355,A,1,12692,12698,12697
01/355,D,1,13029,12698,12697
01/355,I,1,12692,12698,13029
01/357,A,1,12698,12697,12691
01/357,F,1,12830,12697,12691
01/357,K,1,12698,12697,12830
01/359,A,1,12625,12594,13155
01/359,B,1,12589,12594,13155
01/360,A,1,13155,12601,12587
01/360,B,1,13220,12601,12587
01/361,A,1,12950,12587,12586
01/361,B,1,12601,12587,12586
01/361,E,1,12601,12587,12950
01/362,E,1,12587,12586,12953
01/363,A,1,12586,12585,12581
01/363,B,1,12586,12585,13341
01/363,C,1,13341,12585,12581
01/364,A,1,12585,12581,12589
01/364,B,1,13119,12581,12589
01/364,E,1,12585,12581,13119
01/366,A,1,12884,12892,12947
01/366,A,2,12884,12892,12067
01/366,A,3,12884,12892,12893
01/366,C,1,12067,12892,12947
01/366,C,2,12067,12892,12893
01/367,A,1,12349,12753,13141
01/367,A,2,12349,12753,12754
01/367,B,1,12754,12753,12349
01/367,B,2,12754,12753,13141
01/367,C,1,13141,12753,12349
01/367,C,2,13141,12753,12754
01/369,A,1,13218,13096,12726
01/369,D,1,13097,13096,12726
01/371,A,1,13178,12893,12888
01/371,A,2,13178,12893,12388
01/371,B,1,12892,12893,12888
01/371,B,2,12892,12893,12388
01/371,C,1,12388,12893,12888
01/372,A,1,12062,12673,12663
01/372,B,1,12663,12673,12062
01/372,B,2,12663,12673,12788
01/372,C,1,12663,12673,12062
01/372,D,1,12788,12673,12663
01/372,D,2,12788,12673,12062
01/374,A,1,13263,13513,13514
01/374,A,2,13263,13513,13512
01/374,A,3,13263,13513,13114
01/374,B,1,13512,13513,13514
01/374,B,2,13512,13513,13263
01/374,B,3,13512,13513,13114
01/374,C,1,13114,13513,13514
01/374,C,2,13114,13513,13512
01/374,C,3,13114,13513,13263
01/374,D,1,13514,13513,13512
01/374,D,2,13514,13513,13263
01/374,D,3,13514,13513,13114
01/376,A,1,13033,12672,12838
01/376,A,2,13033,12672,13035
01/376,C,1,13033,12672,12838
01/376,D,1,12838,12672,13033
01/378,A,1,12571,12966,12576
01/378,A,2,12576,12966,12571
01/379,A,1,12571,12769,12568
01/379,A,2,12568,12769,12571
01/383,A,1,12576,13119,12581
01/383,A,2,12581,13119,12576
01/385,A,1,12872,12443,12881
01/385,A,2,12881,12443,12872
01/386,A,1,12761,12319,12539
01/386,A,2,12761,12319,12340
01/388,A,1,12892,12947,12945
01/392,A,1,12106,12666,12854
01/392,B,1,12105,12666,12854
01/392,B,2,12105,12666,12106
01/392,C,1,12854,12666,12106
01/392,E,1,12105,12666,12854
01/392,I,1,12666,12106,12654
01/392,I,2,12654,12106,12666
01/392,K,1,12683,12854,12666
01/392,K,2,12666,12854,12683
01/402,A,1,12093,12094,12550
01/402,A,2,12093,12094,12095
01/402,B,1,12095,12094,12550
01/402,B,2,12095,12094,12093
01/402,C,1,12532,12094,12550
01/402,C,2,12532,12094,12093
01/402,C,3,12532,12094,12095
01/404,A,1,12034,12033,12553
01/405,A,1,12992,12521,12527
01/405,A,2,12992,12521,12525
01/405,B,1,12525,12521,12992
01/405,B,2,12525,12521,12527
01/405,C,1,12527,12521,12992
01/405,C,2,12527,12521,12525
01/405,D,1,12525,12521,12527
01/405,H,1,12527,12521,12525
01/406,B,1,14549,14284,14388
01/409,A,1,12559,12556,12553
01/410,A,1,12968,13117,12553
01/411,A,1,13272,13275,13273
01/411,A,2,13272,13275,12412
01/411,B,1,13273,13275,13272
01/411,B,2,13273,13275,12412
01/411,C,1,12412,13275,13272
01/411,C,2,12412,13275,13273
01/413,A,1,13039,13038,12642
01/413,A,2,12642,13038,13039
01/436,A,1,12760,12504,13352
01/436,B,1,13352,12504,12760
01/436,C,1,12154,12504,13352
01/436,D,1,12154,12504,12760
01/437,A,1,13297,12361,12368
01/437,C,1,12376,12368,12454
01/437,C,2,12376,12368,12008
01/437,C,3,12368,12361,13297
01/437,D,1,12454,12368,12376
01/437,D,2,12454,12368,12008
01/437,E,1,12361,12368,12454
01/437,E,2,12361,12368,12376
01/437,E,3,12362,12361,13297
01/438,A,1,13296,12367,12924
01/438,A,2,12924,12367,13296
01/445,A,1,12742,12083,12741
01/445,A,2,12741,12083,12742
01/451,A,1,12663,12111,12115
01/451,B,1,12115,12111,12663
01/460,A,1,12014,13143,12013
01/460,A,2,12013,13143,12014
01/461,A,1,12751,12015,12014
01/461,B,1,12014,12015,12751
01/462,B,1,12873,12868,12145
01/463,A,1,12895,34337,34335
01/463,A,2,34335,34337,12895
01/465,A,1,34337,12895,13520
01/465,A,2,13520,12895,34337
01/469,A,1,12681,12683,12688
01/469,A,2,12681,12683,12854
01/469,D,1,12854,12683,12688
01/473,A,1,12303,12086,13044
01/473,C,1,13044,12086,12303
01/477,A,1,12866,12430,13228
01/477,C,1,12866,12430,12051
01/477,D,1,12051,12430,13228
01/478,A,1,12741,12736,12749
01/478,A,2,12741,12736,12731
01/478,B,1,12731,12736,12741
01/478,C,1,12731,12736,12749
01/480,D,1,12785,13146,12657
01/480,E,1,12657,13146,12785
01/483,A,1,13163,12836,13035
01/483,A,2,13163,12836,12835
01/483,B,1,13035,12836,13163
01/483,B,2,13035,12836,12835
01/483,C,1,12835,12836,13163
01/483,C,2,12835,12836,13035
01/488,A,1,12294,12724,12723
01/488,B,1,12717,12724,12723
01/488,E,1,12717,12724,12294
01/490,A,1,12038,12913,13153
01/490,A,2,13371,12038,13367
01/490,A,3,13153,12913,12038
01/490,B,1,12037,12038,13371
01/496,A,1,13028,13029,12698
01/496,A,2,12692,12698,13029
01/497,A,1,13336,13290,12064
01/497,E,1,12168,13218,13096
01/498,A,1,12557,12546,12561
01/498,A,2,12557,12546,13169
01/498,B,1,13169,12546,12557
01/498,B,2,13169,12546,12561
01/498,C,1,12557,12546,12561
01/507,A,1,12786,12618,12103
01/507,B,1,12103,12618,12786
01/507,C,1,12786,12618,12829
01/507,D,1,12103,12618,12829
01/511,A,1,12037,12748,12017
01/511,A,2,12037,12748,12016
01/511,A,3,12037,12748,12014
01/511,B,1,12017,12748,12037
01/511,B,2,12017,12748,12016
01/511,B,3,12017,12748,12014
01/511,C,1,12014,12748,12017
01/511,C,2,12014,12748,12037
01/511,C,3,12014,12748,12016
01/511,D,1,12016,12748,12017
01/511,D,2,12016,12748,12037
01/511,D,3,12016,12748,12014
01/524,A,1,13947,12113,12634
01/524,B,1,12634,12113,13947
01/524,D,1,12634,12114,13964
01/524,E,1,13964,12114,12634
01/528,A,1,13961,12645,13188
01/538,A,1,12573,13239,13240
01/538,B,1,13240,13239,12573
01/538,C,1,13238,13239,12573
01/538,C,2,13238,13239,13240
01/543,A,1,13243,13236,12579
01/543,B,1,12579,13236,13243
01/543,C,1,13957,13236,12579
01/543,C,2,13957,13236,13243
01/550,A,1,14245,13339,13282
01/550,A,2,14245,13339,14738
01/550,B,1,12002,13282,13281
01/550,B,2,12002,13282,13339
01/550,C,1,13282,13339,14738
01/550,D,1,13281,13282,13339
01/550,E,1,14738,13339,13282
01/550,J,1,13282,13339,14245
01/550,L,1,13339,13282,12002
01/556,A,1,12370,13340,12412
01/556,A,2,12412,13340,12370
01/557,A,1,12412,13293,13483
01/557,A,2,13483,13293,12412
01/561,A,1,12521,12992,13231
01/561,B,1,13231,12992,12521
01/570,A,1,12948,12950,12587
01/570,B,1,12587,12950,12948
01/574,A,1,13133,13997,13133
01/574,A,2,13133,13997,12407
01/574,B,1,13999,13997,12907
01/574,B,2,13999,13997,13133
01/574,C,1,13133,13997,12907
01/574,C,2,13133,13997,12407
01/574,D,1,13133,13997,13133
01/577,A,1,13032,13033,12672
01/577,E,1,12672,13033,13032
01/579,A,1,12604,12096,12598
01/579,A,2,12598,12096,12604
01/580,A,1,12694,13219,12156
01/580,C,1,13219,12694,12936
01/580,C,2,12156,13219,12694
01/583,A,1,12829,12582,12613
01/585,A,1,12380,13338,13342
01/585,B,1,13342,13338,12380
01/589,A,1,12508,12442,12871
01/593,A,1,12715,12795,12714
01/593,A,2,12714,12795,12715
01/594,A,1,12658,12787,12669
01/594,A,2,12669,12787,12658
01/598,A,1,12569,12803,12574
01/598,B,1,12802,12803,12569
01/598,C,1,12802,12803,12574
01/601,A,1,12111,12115,12786
01/601,B,1,12786,12115,12111
01/606,A,1,12012,12662,12687
01/606,A,2,12012,12662,12832
01/606,B,1,12791,12832,12662
01/606,C,1,12687,12662,12012
01/606,C,2,12687,12662,12832
01/606,E,1,12832,12662,12687
01/606,E,2,12832,12662,12012
01/607,A,1,12481,12107,12485
01/608,A,1,12557,12427,12527
01/608,A,2,12527,12427,12557
05/001,A,1,20038,20030,20027
05/001,A,2,20038,20030,20025
05/001,A,3,20038,20030,20856
05/001,B,1,20025,20030,20027
05/001,B,2,20025,20030,20856
05/001,B,3,20025,20030,20038
05/001,C,1,20027,20030,20025
05/001,C,2,20027,20030,20856
05/001,C,3,20027,20030,20038
05/001,D,1,20856,20030,20027
05/001,D,2,20856,20030,20025
05/001,D,3,20856,20030,20038
05/006,A,1,20854,20060,20473
05/006,A,2,20854,20060,20590
05/006,B,1,20154,20060,20854
05/006,C,1,20154,20060,20473
05/006,D,1,20473,20060,20854
05/006,D,2,20473,20060,20590
05/008,A,1,20145,20144,20442
05/008,A,2,20145,20144,20179
05/008,B,1,20442,20144,20145
05/008,B,2,20442,20144,20179
05/008,C,1,20179,20144,20145
05/008,C,2,20179,20144,20442
05/009,A,1,20115,20116,20440
05/009,B,1,20440,20116,20115
05/009,B,2,20440,20116,20106
05/009,C,1,20106,20116,20440
05/009,D,1,20115,20116,20106
05/013,A,1,20856,20059,20352
05/013,A,2,20856,20059,20037
05/013,A,3,20856,20059,20031
05/013,B,1,20037,20059,20352
05/013,B,2,20037,20059,20856
05/013,B,3,20037,20059,20031
05/013,C,1,20031,20059,20352
05/013,C,2,20031,20059,20037
05/013,C,3,20031,20059,20856
05/013,D,1,20352,20059,20037
05/013,D,2,20352,20059,20856
05/013,D,3,20352,20059,20031
05/016,A,1,20300,20570,20845
05/016,A,2,20300,20570,20301
05/016,A,3,20300,20570,20741
05/016,B,1,20741,20570,20845
05/016,B,2,20741,20570,20300
05/016,B,3,20741,20570,20301
05/016,C,1,20301,20570,20845
05/016,C,2,20301,20570,20300
05/016,C,3,20301,20570,20741
05/016,D,1,20845,20570,20300
05/016,D,2,20845,20570,20301
05/016,D,3,20845,20570,20741
05/017,A,1,20723,20572,20516
05/017,A,2,20723,20572,20724
05/017,B,1,20724,20572,20377
05/017,B,2,20724,20572,20723
05/017,B,3,20724,20572,20516
05/017,C,1,20723,20572,20377
05/017,D,1,20377,20572,20723
05/017,D,2,20377,20572,20516
05/017,D,3,20377,20572,20724
05/018,A,1,20724,20530,20458
05/018,A,2,20724,20530,20457
05/018,B,1,20457,20530,20724
05/018,B,2,20457,20530,20588
05/018,C,1,20724,20530,20588
05/018,D,1,20588,20530,20458
05/018,D,2,20588,20530,20724
05/018,D,3,20588,20530,20457
05/018,E,1,20457,20530,20588
05/019,A,1,20324,20136,21999
05/019,A,2,20324,20136,20335
05/019,A,3,20324,20136,20325
05/019,B,1,20335,20136,20324
05/019,B,2,20335,20136,21999
05/019,C,1,21999,20136,20324
05/019,C,2,21999,20136,20335
05/019,C,3,21999,20136,20325
05/019,D,1,20325,20136,20324
05/019,D,2,20325,20136,21999
05/019,F,1,21999,20136,20335
05/021,A,1,20069,20410,20759
05/021,A,2,20069,20410,20369
05/021,B,1,20369,20410,20759
05/021,B,2,20369,20410,20069
05/021,C,1,20569,20410,20759
05/021,C,2,20569,20410,20369
05/021,C,3,20569,20410,20069
05/022,A,1,20290,20328,20291
05/022,B,1,20291,20328,20290
05/022,C,1,20190,20328,20360
05/022,C,2,20190,20328,20291
05/022,C,3,20190,20328,20290
05/022,D,1,20360,20328,20291
05/022,D,2,20360,20328,20190
05/022,D,3,20360,20328,20290
05/022,E,1,20290,20328,20360
05/022,F,1,20291,20328,20190
05/022,O,1,20290,20328,20190
05/023,A,1,20286,20072,20287
05/023,B,1,20287,20072,20286
05/023,C,1,20575,20072,20286
05/023,C,2,20575,20072,20085
05/023,C,3,20575,20072,20287
05/023,D,1,20085,20072,20575
05/023,D,2,20085,20072,20286
05/023,D,3,20085,20072,20287
05/023,E,1,20286,20072,20085
05/023,F,1,20287,20072,20575
05/023,G,1,20286,20072,20575
05/023,H,1,20287,20072,20085
05/024,A,1,20092,20583,20462
05/024,A,2,20092,20583,20362
05/024,A,3,20296,20092,20583
05/024,A,4,20296,20092,20273
05/024,B,1,20462,20583,20362
05/024,B,2,20583,20092,20273
05/024,B,3,20462,20583,20092
05/024,B,4,20583,20092,20296
05/024,C,1,20583,20092,20273
05/024,C,2,20362,20583,20092
05/024,C,3,20583,20092,20296
05/024,D,1,20092,20583,20462
05/024,D,2,20092,20583,20362
05/024,D,3,20273,20092,20583
05/026,A,1,20342,20104,20229
05/026,B,1,20229,20104,20342
05/026,C,1,20875,20104,20932
05/026,C,2,20875,20104,20342
05/026,D,1,20932,20104,20342
05/026,D,2,20932,20104,20229
05/026,D,3,20932,20104,20875
05/026,E,1,20342,20104,20932
05/026,F,1,20229,20104,20875
05/026,W,1,20229,20104,20932
05/027,A,1,20344,20194,20254
05/027,B,1,20254,20194,20344
05/027,C,1,20564,20194,20344
05/027,C,2,20564,20194,20254
05/027,D,1,10770,20194,20344
05/027,D,2,10770,20194,20254
05/028,A,1,20249,20250,20569
05/028,A,2,20249,20250,20251
05/028,B,1,20206,20250,20569
05/028,B,2,20206,20250,20251
05/029,A,1,20351,20037,20875
05/029,A,2,20351,20037,20059
05/029,B,1,20875,20037,20351
05/029,B,2,20875,20037,20059
05/029,C,1,20059,20037,20875
05/029,C,2,20059,20037,20351
05/030,A,1,20372,20564,20565
05/030,A,2,20372,20564,20194
05/030,B,1,20565,20564,20194
05/030,B,2,20565,20564,20372
05/030,C,1,20398,20564,20565
05/030,C,2,20398,20564,20194
05/030,C,3,20398,20564,20372
05/031,A,1,20031,20029,20024
05/031,A,2,20031,20029,20075
05/031,B,1,20075,20029,20024
05/031,B,2,20075,20029,20031
05/031,C,1,20024,20029,20075
05/031,C,2,20024,20029,20031
05/033,A,1,20316,20109,20350
05/033,A,2,20316,20109,20100
05/033,A,3,20316,20109,20277
05/033,B,1,20100,20109,20316
05/033,B,2,20100,20109,20350
05/033,B,3,20100,20109,20277
05/033,C,1,20277,20109,20316
05/033,C,2,20277,20109,20350
05/033,C,3,20277,20109,20100
05/033,D,1,20350,20109,20316
05/033,D,2,20350,20109,20100
05/033,D,3,20350,20109,20277
05/034,A,1,20280,20098,20389
05/034,A,2,20280,20098,20277
05/034,B,1,20277,20098,20280
05/034,B,2,20277,20098,20389
05/034,C,1,20099,20098,20280
05/034,C,2,20099,20098,20389
05/034,C,3,20099,20098,20277
05/035,A,1,20086,20134,20339
05/035,A,2,20086,20134,20463
05/035,A,3,20086,20134,20138
05/035,B,1,20463,20134,20086
05/035,B,2,20463,20134,20339
05/035,B,3,20463,20134,20138
05/035,C,1,20138,20134,20086
05/035,C,2,20138,20134,20339
05/035,C,3,20138,20134,20463
05/035,D,1,20339,20134,20086
05/035,D,2,20339,20134,20463
05/035,D,3,20339,20134,20138
05/036,A,1,20032,20031,20059
05/036,A,2,20032,20031,20356
05/036,A,3,20032,20031,20029
05/036,B,1,20356,20031,20032
05/036,B,2,20356,20031,20059
05/036,B,3,20356,20031,20029
05/036,C,1,20059,20031,20032
05/036,C,2,20059,20031,20356
05/036,C,3,20059,20031,20029
05/036,D,1,20029,20031,20032
05/036,D,2,20029,20031,20059
05/036,D,3,20029,20031,20356
05/039,A,1,20363,20021,20240
05/039,A,2,20363,20021,20025
05/039,B,1,20025,20021,20355
05/039,B,2,20025,20021,20363
05/039,C,1,20025,20021,20355
05/039,C,2,20025,20021,20363
05/039,C,3,20025,20021,20240
05/039,E,1,20240,20021,20355
05/039,E,2,20240,20021,20363
05/039,E,3,20240,20021,20025
05/039,F,1,20353,20021,20363
05/039,G,1,20353,20021,20240
05/039,G,2,20353,20021,20025
05/039,H,1,20363,20021,20355
05/040,B,1,20014,20149,20457
05/040,C,1,20457,20149,20014
05/040,E,1,20066,20149,20457
05/041,A,1,20233,20246,20069
05/041,B,1,20069,20246,20233
05/041,B,2,20069,20246,21900
05/041,C,1,20069,20246,20274
05/041,D,1,20233,20246,20274
05/041,E,1,20274,20246,20069
05/041,E,2,20274,20246,20233
05/041,E,3,20274,20246,21900
05/046,A,1,20071,20129,20063
05/054,A,1,21997,21999,20136
05/054,A,2,20136,21999,21997
05/062,A,1,20560,20567,20455
05/062,A,2,20560,20567,20366
05/062,B,1,20456,20567,20560
05/062,C,1,20456,20567,20366
05/062,D,1,20366,20567,20560
05/062,E,1,20366,20567,20455
05/065,A,1,20251,20253,20861
05/066,A,1,20559,20195,20451
05/066,A,2,20559,20195,20445
05/066,A,3,20559,20195,20254
05/066,B,1,20451,20195,20445
05/066,B,2,20451,20195,20559
05/066,B,3,20451,20195,20254
05/066,C,1,20254,20195,20451
05/066,C,2,20254,20195,20445
05/066,C,3,20254,20195,20559
05/066,D,1,20445,20195,20451
05/066,D,2,20445,20195,20559
05/066,D,3,20445,20195,20254
05/067,A,1,20116,20440,20454
05/067,C,1,20419,20454,20440
05/078,A,1,20219,20934,20218
05/078,C,1,20218,20934,20219
05/083,A,1,20114,20279,20285
05/083,C,1,20285,20279,20114
05/089,A,1,20287,20289,20329
05/089,A,2,20329,20289,20287
05/095,A,1,10265,10179,10170
05/095,B,1,10265,10179,20863
05/095,C,1,10770,10179,10265
05/095,D,1,20863,10179,10170
05/095,E,1,20863,10179,10265
05/096,A,1,20343,10770,20860
05/096,A,2,20343,10770,10179
05/096,B,1,20860,10770,20860
05/096,B,2,20860,10770,20194
05/096,C,1,20343,10770,20860
05/097,A,1,20873,20860,20863
05/097,A,2,20873,20860,10770
05/097,B,1,10770,20860,20873
05/097,C,1,20863,20860,20207
05/097,D,1,20863,20860,20873
05/097,E,1,20207,20860,20863
05/097,N,1,10770,20860,20207
05/097,O,1,20207,20860,20873
05/098,A,1,20070,20158,20078
05/098,C,1,20076,20071,20129
05/098,D,1,20077,20076,20071
05/098,E,1,20076,20071,20129
05/100,A,1,20304,20487,20812
05/100,A,2,20812,20487,20304
05/106,A,1,20299,20817,20816
05/106,A,2,20816,20817,20299
05/109,C,1,20070,20379,20551
05/109,J,1,20065,20154,20060
05/110,A,1,20379,20551,20071
05/110,B,1,20550,20378,20590
05/110,C,1,20580,20156,20380
05/110,E,1,20379,20551,20071
05/111,A,1,20237,20364,20477
05/111,A,2,20477,20364,20237
05/115,A,1,20566,20358,20477
05/115,A,2,20477,20358,20566
05/117,A,1,20184,20931,18017
05/117,A,2,18017,20931,20184
05/121,A,1,20038,20051,20058
05/121,A,2,20038,20051,20849
05/121,B,1,20058,20051,20849
05/121,C,1,20849,20051,20058
05/121,F,1,20058,20051,20038
05/124,A,1,20017,20014,20149
05/126,A,1,20286,20282,20311
05/126,A,2,20311,20282,20286
05/128,A,1,20380,20093,20170
05/128,C,1,20173,20093,20468
05/128,C,2,20173,20093,20478
05/128,D,1,20173,20093,20478
05/128,E,1,20479,20093,20170
05/128,F,1,20479,20093,20468
05/128,G,1,20380,20093,20478
05/130,A,1,20079,20210,20168
05/130,A,2,20168,20210,20079
05/132,A,1,20355,20019,20542
05/132,B,1,20544,20019,20555
05/132,C,1,20544,20019,20554
05/132,D,1,20355,20019,20554
05/132,E,1,20554,20019,20555
05/132,F,1,20554,20019,20542
05/137,A,1,20021,20355,20019
05/137,A,2,20555,20353,20021
05/138,A,1,20565,20566,20358
05/138,A,2,20565,20566,20447
05/138,B,1,20358,20566,20447
05/138,B,2,20358,20566,20565
05/138,F,1,20447,20566,20358
05/138,F,2,20447,20566,20565
05/139,A,1,20358,20477,20448
05/139,A,2,20358,20477,20364
05/139,B,1,20364,20477,20358
05/139,B,2,20364,20477,20448
05/139,C,1,20448,20477,20358
05/139,C,2,20448,20477,20364
05/140,A,1,20237,20483,20365
05/140,A,2,20237,20483,20843
05/140,A,3,20237,20483,20476
05/140,B,1,20365,20483,20237
05/140,B,2,20365,20483,20843
05/140,B,3,20365,20483,20476
05/140,C,1,20476,20483,20365
05/140,C,2,20476,20483,20237
05/140,C,3,20476,20483,20843
05/140,D,1,20843,20483,20365
05/140,D,2,20843,20483,20237
05/140,D,3,20843,20483,20476
05/142,A,1,20524,20588,20530
05/142,B,1,20524,20588,20524
05/142,B,2,20524,20588,20530
05/142,C,1,20530,20588,20524
05/144,A,1,20308,20803,20804
05/144,A,2,20804,20803,20308
05/148,A,1,20305,20309,20307
05/148,A,2,20307,20309,20305
05/153,A,1,20302,20571,20260
05/153,A,2,20302,20571,20305
05/153,A,3,20302,20571,20146
05/153,B,1,20305,20571,20302
05/153,B,2,20305,20571,20260
05/153,B,3,20305,20571,20146
05/153,C,1,20146,20571,20302
05/153,C,2,20146,20571,20260
05/153,C,3,20146,20571,20305
05/153,D,1,20260,20571,20302
05/153,D,2,20260,20571,20305
05/153,D,3,20260,20571,20146
05/154,A,1,20019,20542,20543
05/154,B,1,20544,20542,20543
05/154,E,1,20028,20544,20019
05/156,A,1,20018,20028,20544
05/156,A,2,20018,20028,20016
05/156,C,1,20543,20028,20016
05/156,D,1,20016,20028,20544
05/157,A,1,20022,20585,20035
05/157,B,1,20033,20585,20018
05/157,C,1,20586,20585,20035
05/157,D,1,20586,20585,20018
05/161,A,1,20538,20010,20503
05/161,B,1,20503,20010,20538
05/161,C,1,20538,20010,20153
05/161,F,1,20503,20010,20153
05/161,F,2,20503,20010,20538
05/161,L,1,20503,20010,20153
05/162,A,1,20315,20932,20104
05/162,B,1,20104,20932,20315
05/162,C,1,20104,20932,20104
05/162,C,2,20104,20932,20315
05/163,A,1,20051,20038,20030
05/163,A,2,20030,20038,20051
05/165,A,1,20010,20538,20506
05/165,A,2,20010,20538,20554
05/165,B,1,20554,20538,20010
05/165,C,1,20506,20538,20010
05/170,A,1,20475,20365,20483
05/170,A,2,20483,20365,20475
05/174,A,1,20473,20056,20054
05/174,A,2,20473,20056,20855
05/174,B,1,20054,20056,20855
05/174,B,2,20054,20056,20473
05/174,C,1,20855,20056,20054
05/174,C,2,20855,20056,20473
05/177,A,1,20083,20161,20088
05/177,B,1,20073,20161,20088
05/177,D,1,20496,20083,20159
05/179,A,1,20360,21984,21976
05/179,A,2,20360,21984,20710
05/179,B,1,21976,21984,20360
05/179,B,2,21976,21984,20710
05/179,C,1,20710,21984,21976
05/179,C,2,20710,21984,20360
05/184,A,1,20796,20933,20045
05/184,B,1,20045,20933,20796
05/187,A,1,20048,20046,20044
05/187,C,1,20045,20046,20044
05/187,D,1,20933,20045,20046
05/188,A,1,20057,20052,20048
05/188,B,1,20064,20052,20048
05/189,A,1,20047,20053,20057
05/189,B,1,20054,20053,20057
05/192,A,1,20767,20256,20188
05/192,A,2,20188,20256,20767
05/193,A,1,20081,20352,20059
05/193,A,2,20059,20352,20081
05/198,A,1,20037,20351,20032
05/198,A,2,20032,20351,20037
05/198,B,1,20037,20351,20032
05/203,A,1,20112,20113,20310
05/203,A,2,20112,20113,20463
05/203,A,3,20112,20113,20581
05/203,B,1,20463,20113,20112
05/203,B,2,20463,20113,20310
05/203,B,3,20463,20113,20581
05/203,C,1,20581,20113,20112
05/203,C,2,20581,20113,20310
05/203,C,3,20581,20113,20463
05/210,A,1,20318,20493,20317
05/210,A,2,20317,20493,20318
05/211,A,1,20112,21991,21989
05/211,A,2,21989,21991,20112
05/214,A,1,20860,20207,20559
05/214,C,1,20559,20207,20860
05/216,A,1,20451,20565,20566
05/216,A,2,20451,20565,20564
05/216,B,1,20566,20565,20451
05/216,B,2,20566,20565,20564
05/216,C,1,20564,20565,20566
05/219,A,1,20324,20132,21992
05/219,A,2,20324,20132,20323
05/219,B,1,21992,20132,20324
05/219,B,2,21992,20132,20323
05/219,C,1,20323,20132,21992
05/219,C,2,20323,20132,20324
05/222,A,1,20583,20462,20342
05/222,A,2,20583,20462,20846
05/222,B,1,20342,20462,20583
05/222,B,2,20342,20462,20846
05/222,C,1,20846,20462,20342
05/222,C,2,20846,20462,20583
05/223,A,1,20218,20115,20116
05/223,A,2,20218,20115,20107
05/223,B,1,20116,20115,20218
05/223,B,2,20116,20115,20107
05/223,C,1,20107,20115,20218
05/223,C,2,20107,20115,20116
05/228,A,1,20491,20489,20183
05/228,A,2,20183,20489,20491
05/232,A,1,20879,20006,20013
05/232,B,1,20013,20006,20879
05/236,A,1,20165,20164,20163
05/236,D,1,20165,20164,20167
05/237,A,1,21995,20123,20310
05/237,A,2,21995,20123,20830
05/237,B,1,20830,20123,21995
05/237,B,2,20830,20123,20310
05/237,D,1,20310,20123,21995
05/237,D,2,20310,20123,20830
05/239,A,1,20427,20428,20429
05/239,B,1,20419,20428,20429
05/239,C,1,20429,20422,20423
05/239,D,1,20420,20422,20423
05/239,M,1,20639,20629,20424
05/246,A,1,20629,20424,20425
05/246,B,1,44599,20424,20425
05/246,C,1,20425,20426,20427
05/246,D,1,20431,20426,20427
05/246,O,1,44570,44599,20424
05/248,A,1,10181,10182,20862
05/248,B,1,20862,10182,10181
05/252,A,1,20764,20765,20243
05/252,A,2,20243,20765,20764
05/257,A,1,20134,20463,20113
05/257,A,2,20113,20463,20134
05/258,A,1,20293,20089,20294
05/258,B,1,20294,20089,20584
05/258,B,2,20294,20089,20293
05/258,C,1,20584,20089,20293
05/258,C,2,20584,20089,20294
05/259,A,1,10170,20861,20868
05/259,B,1,20253,20861,20868
05/259,E,1,20253,20861,20343
05/269,A,1,20229,20276,20225
05/269,C,1,20225,20276,20229
05/274,A,1,20056,20473,20060
05/274,A,2,20060,20473,20056
05/280,A,1,20462,20342,20104
05/280,C,1,20104,20342,20462
05/282,A,1,20069,20247,20569
05/282,A,2,20569,20247,20069
05/284,A,1,20246,21900,20249
05/286,A,1,20210,20168,20880
05/286,A,2,20210,20168,20882
05/286,C,1,20880,20168,20882
05/286,C,2,20880,20168,20210
05/286,D,1,20882,20168,20880
05/286,D,2,20882,20168,20210
05/294,A,1,20086,20557,20086
05/294,A,2,20086,20557,20517
05/294,B,1,20086,20557,20517
05/294,B,2,20086,20557,20086
05/294,D,1,20517,20557,20086
05/294,E,1,20557,20086,20134
05/294,E,2,20145,20557,20517
05/294,E,3,20557,20086,20179
05/296,A,1,21973,20212,21972
05/296,A,2,21973,20212,20213
05/296,B,1,21972,20212,20213
05/296,B,2,21972,20212,21973
05/296,C,1,20213,20212,21972
05/296,C,2,20213,20212,21973
05/297,A,1,20830,21993,20112
05/297,A,2,20112,21993,20830
05/298,A,1,20239,20188,20256
05/298,A,2,20239,20188,20255
05/298,B,1,20256,20188,20239
05/298,B,2,20256,20188,20255
05/298,C,1,20255,20188,20239
05/298,C,2,20255,20188,20256
05/303,A,1,20097,20271,20272
05/303,A,2,20272,20271,20097
05/310,A,1,20433,20434,20432
05/310,A,2,20433,20434,20617
05/310,B,1,20617,20434,20432
05/310,B,2,20617,20434,20433
05/310,C,1,20432,20434,20617
05/310,C,2,20432,20434,20433
05/311,A,1,20558,20245,20239
05/311,A,2,20239,20245,20558
05/366,A,1,20261,20100,20263
05/366,A,2,20261,20100,20109
05/366,A,3,20261,20100,20703
05/366,B,1,20109,20100,20261
05/366,B,2,20109,20100,20263
05/366,B,3,20109,20100,20703
05/366,C,1,20263,20100,20261
05/366,C,2,20263,20100,20109
05/366,C,3,20263,20100,20703
05/366,D,1,20703,20100,20261
05/366,D,2,20703,20100,20263
05/366,D,3,20703,20100,20109
05/367,A,1,20261,20705,20091
05/367,A,2,20085,20091,20705
05/368,A,1,20705,20091,20085
05/368,A,2,20085,20091,20705
05/373,A,1,20231,20203,20228
05/373,A,2,20231,20203,20125
05/373,B,1,20228,20203,20231
05/373,B,2,20228,20203,20125
05/373,D,1,20125,20203,20231
05/373,D,2,20125,20203,20228
05/373,E,1,20231,20203,20125
05/376,A,1,18017,18180,18557
05/376,A,2,18557,18180,18017
05/377,A,1,20491,20490,20130
05/377,A,2,20130,20490,20491
05/378,A,1,20131,20130,20490
05/378,A,2,20490,20130,20131
05/379,A,1,20489,20491,20490
05/379,A,2,20490,20491,20489
05/380,A,1,20078,20082,20539
05/380,B,1,20094,20082,20080
05/380,E,1,20851,20082,20080
05/380,E,2,20851,20082,20539
05/383,A,1,20502,20504,20004
05/383,A,2,20504,20004,20853
05/384,A,1,20219,20934,20218
05/384,C,1,20218,20934,20219
05/387,A,1,20134,20339,20336
05/387,A,2,20336,20339,20134
05/396,A,1,20093,20468,20550
05/396,A,2,20156,20380,20093
05/402,A,1,20434,20433,20417
05/402,A,2,20434,20433,20414
05/402,B,1,20414,20433,20434
05/402,B,2,20414,20433,20417
05/402,D,1,20416,20433,20434
05/402,D,2,20416,20433,20417
05/402,D,3,20416,20433,20414
05/402,E,1,20441,20414,20433
05/402,F,1,20433,20414,20441
05/402,H,1,20418,20414,20441
05/402,H,2,20418,20414,20433
05/407,A,1,20612,20625,20614
05/407,B,1,20614,20625,20612
05/407,B,2,20626,20614,20620
05/407,C,1,20620,20614,20626
05/407,D,1,20620,20614,20626
05/409,A,1,20289,20287,20072
05/409,A,2,20072,20287,20289
05/423,A,1,20862,20865,10265
05/423,B,1,10265,20865,20862
10/002,A,1,30122,30123,30127
10/002,A,2,30122,30123,31047
10/002,A,3,30122,30123,30116
10/002,A,4,30122,30123,30117
10/002,B,1,31047,30123,30127
10/002,B,2,31047,30123,30116
10/002,B,3,31047,30123,30117
10/002,C,1,30127,30123,31047
10/002,C,2,30127,30123,30116
10/002,C,3,30127,30123,30117
10/005,A,1,30089,30085,30091
10/005,B,1,30184,30085,30091
10/006,A,1,30443,30444,31172
10/006,A,2,30443,30444,31196
10/006,A,3,30443,30444,31016
10/006,B,1,31196,30444,31016
10/006,B,2,31196,30444,30443
10/006,C,1,31172,30444,31196
10/006,C,2,31172,30444,31016
10/006,C,3,31172,30444,30443
10/006,D,1,31016,30444,31172
10/006,D,2,31016,30444,31196
10/006,D,3,31016,30444,30443
10/007,A,1,30007,30656,30192
10/007,A,2,30007,30656,31018
10/007,B,1,30192,30656,31018
10/007,B,2,30192,30656,30007
10/007,C,1,31018,30656,30192
10/007,C,2,31018,30656,30007
10/007,D,1,30007,30656,30192
10/007,D,2,30007,30656,31018
10/008,A,1,31198,30662,30664
10/008,A,2,31198,30662,30207
10/008,A,3,31198,30662,30028
10/008,B,1,30028,30662,30664
10/008,B,2,30028,30662,31198
10/008,B,3,30028,30662,30207
10/008,C,1,30207,30662,30664
10/008,C,2,30207,30662,31198
10/008,C,3,30207,30662,30028
10/008,D,1,30664,30662,31198
10/008,D,2,30664,30662,30207
10/008,D,3,30664,30662,30028
10/009,A,1,30667,30668,31028
10/009,A,2,30667,30668,31026
10/009,B,1,31028,30668,31026
10/009,B,2,31028,30668,30667
10/009,C,1,31026,30668,31028
10/009,C,2,31026,30668,30667
10/010,A,1,30262,30115,30033
10/010,A,2,30262,30115,30326
10/010,B,1,30326,30115,30117
10/010,B,2,30326,30115,30262
10/010,C,1,30033,30115,30117
10/010,C,2,30033,30115,30326
10/010,D,1,30117,30115,30033
10/011,A,1,30318,30125,30127
10/011,A,2,30318,30125,34525
10/011,A,3,30318,30125,31000
10/011,B,1,34525,30125,30127
10/011,B,2,34525,30125,30318
10/011,C,1,31000,30125,30127
10/011,C,2,31000,30125,34525
10/011,D,1,30127,30125,34525
10/011,D,2,30127,30125,31000
10/012,A,1,30208,30116,30262
10/012,B,1,30262,30116,30208
10/012,C,1,30123,30116,30262
10/012,D,1,30123,30116,30208
10/013,A,1,30111,30112,30323
10/013,A,2,30111,30112,30990
10/013,C,1,30990,30112,30323
10/013,C,2,30990,30112,30111
10/013,D,1,30323,30112,30990
10/013,E,1,30323,30112,30111
10/014,A,1,31162,30583,30584
10/014,A,2,31162,30583,30955
10/014,A,3,31162,30583,30620
10/014,B,1,30584,30583,30620
10/014,B,2,30584,30583,31162
10/014,C,1,30955,30583,30584
10/014,C,2,30955,30583,30620
10/014,C,3,30955,30583,31162
10/014,D,1,30620,30583,30584
10/014,D,2,30620,30583,30955
10/014,D,3,30620,30583,31162
10/015,A,1,30580,30581,30584
10/015,A,2,30580,30581,30054
10/015,A,3,30580,30581,30582
10/015,B,1,30582,30581,30584
10/015,B,2,30582,30581,30054
10/015,B,3,30582,30581,30580
10/015,C,1,30584,30581,30054
10/015,C,2,30584,30581,30580
10/015,C,3,30584,30581,30582
10/015,D,1,30054,30581,30584
10/015,D,2,30054,30581,30580
10/015,D,3,30054,30581,30582
10/016,A,1,30581,30580,30578
10/016,A,2,30581,30580,30579
10/016,B,1,30578,30580,30581
10/016,B,2,30578,30580,30579
10/016,C,1,30579,30580,30578
10/016,C,2,30579,30580,30581
10/017,A,1,30568,30664,31026
10/017,A,2,30568,30664,30662
10/017,B,1,31026,30664,30568
10/017,C,1,28470,30664,30568
10/017,C,2,28470,30664,30662
10/017,D,1,30662,30664,30568
10/017,D,2,30662,30664,31026
10/018,A,1,30528,30533,30534
10/018,A,2,30528,30533,30191
10/018,B,1,30534,30533,30528
10/018,B,2,30534,30533,30191
10/018,C,1,30191,30533,30534
10/018,C,2,30191,30533,30528
10/018,D,1,30534,30533,30191
10/019,A,1,30053,30574,30575
10/019,A,2,30053,30574,30954
10/019,B,1,30954,30574,30575
10/019,B,2,30954,30574,30053
10/019,C,1,30575,30574,30053
10/019,C,2,30575,30574,30954
10/021,A,1,30519,30520,30928
10/021,A,2,30519,30520,30040
10/021,A,3,30519,30520,30179
10/021,B,1,30040,30520,30928
10/021,B,2,30040,30520,30519
10/021,C,1,30179,30520,30928
10/021,C,2,30179,30520,30040
10/021,C,3,30179,30520,30519
10/021,D,1,30928,30520,30519
10/021,D,2,30928,30520,30179
10/022,A,1,30004,30445,30463
10/022,B,1,30460,30445,31200
10/022,C,1,30018,30445,30463
10/022,D,1,30460,30445,30018
10/022,E,1,30448,30018,30445
10/022,H,1,30004,30445,30018
10/023,A,1,30985,30114,30983
10/023,A,2,30985,30114,30338
10/023,A,3,30985,30114,30032
10/023,B,1,30338,30114,30983
10/023,B,2,30338,30114,30985
10/023,B,3,30338,30114,30032
10/023,C,1,30983,30114,30338
10/023,C,2,30983,30114,30985
10/023,C,3,30983,30114,30032
10/023,D,1,30032,30114,30983
10/023,D,2,30032,30114,30338
10/023,D,3,30032,30114,30985
10/024,A,1,30041,30423,30424
10/024,B,1,30424,30423,30417
10/024,B,2,30424,30423,30041
10/024,C,1,30041,30423,30417
10/024,C,2,30041,30423,30424
10/024,D,1,30417,30423,30041
10/024,D,2,30417,30423,30424
10/024,E,1,30417,30423,30424
10/024,F,1,30424,30423,30417
10/024,H,1,30423,30424,30635
10/024,H,2,30423,30424,31007
10/024,I,1,30635,30424,30423
10/024,I,2,30635,30424,31007
10/024,J,1,30423,30424,31007
10/024,L,1,31007,30424,30423
10/024,L,2,31007,30424,30635
10/025,A,1,30636,30637,31012
10/025,A,2,30636,30637,30642
10/025,B,1,30642,30637,30636
10/025,C,1,30641,30637,30636
10/025,C,2,30641,30637,31012
10/025,C,3,30641,30637,30642
10/026,A,1,30533,30534,30053
10/026,A,2,30533,30534,30670
10/026,A,3,30533,30534,30935
10/026,B,1,30670,30534,30533
10/026,B,2,30670,30534,30053
10/026,B,3,30670,30534,30935
10/026,C,1,30935,30534,30533
10/026,C,2,30935,30534,30053
10/026,C,3,30935,30534,30670
10/026,D,1,30053,30534,30533
10/026,D,2,30053,30534,30670
10/026,D,3,30053,30534,30935
10/026,E,1,30533,30534,30053
10/027,A,1,30574,30575,30955
10/027,A,2,30574,30575,30577
10/027,B,1,30577,30575,30955
10/027,B,2,30577,30575,30574
10/027,C,1,30955,30575,30577
10/027,C,2,30955,30575,30574
10/028,A,1,30591,30596,30595
10/028,A,2,30591,30596,30594
10/028,B,1,30595,30596,30591
10/028,C,1,30595,30596,30594
10/028,D,1,30594,30596,30595
10/028,E,1,30594,30596,30591
10/029,A,1,30592,30591,30596
10/029,B,1,30596,30591,30592
10/029,C,1,30598,30591,30596
10/029,G,1,30596,30591,30598
10/031,A,1,30357,30124,30129
10/031,A,2,30357,30124,31093
10/031,B,1,30129,30124,30413
10/031,B,2,30129,30124,30357
10/031,C,1,30413,30124,30357
10/031,C,2,30413,30124,31093
10/031,D,1,31093,30124,30129
10/031,D,2,31093,30124,30413
10/031,D,3,31093,30124,30357
10/032,A,1,30401,30367,30366
10/032,B,1,30366,30367,30401
10/032,C,1,30236,30367,30366
10/033,A,1,30447,30886,30453
10/033,A,2,30447,30886,30020
10/033,B,1,30020,30886,30447
10/033,B,2,30020,30886,30453
10/036,A,1,30951,30132,30582
10/036,A,2,30951,30132,30348
10/036,B,1,30348,30132,30582
10/036,B,2,30348,30132,30951
10/036,B,3,30348,30132,30972
10/036,C,1,30972,30132,30582
10/036,C,2,30972,30132,30951
10/036,C,3,30972,30132,30348
10/036,D,1,30582,30132,30951
10/036,D,2,30582,30132,30972
10/036,D,3,30582,30132,30348
10/036,E,1,30951,30132,30972
10/037,A,1,30342,30113,30143
10/037,A,2,30342,30113,30620
10/037,A,3,30342,30113,30341
10/037,B,1,30341,30113,30143
10/037,B,2,30341,30113,30620
10/037,B,3,30341,30113,30342
10/037,C,1,30143,30113,30620
10/037,C,2,30143,30113,30342
10/037,C,3,30143,30113,30341
10/037,D,1,30620,30113,30143
10/037,D,2,30620,30113,30342
10/037,D,3,30620,30113,30341
10/039,A,1,30881,30530,30052
10/039,C,1,30052,30530,30881
10/039,D,1,31022,30530,30052
10/039,D,2,31022,30530,30930
10/039,E,1,31022,30530,30881
10/039,F,1,30881,30530,31022
10/039,F,2,30881,30530,30930
10/039,G,1,30930,30530,31022
10/039,G,2,30930,30530,30881
10/040,A,1,30573,30546,30547
10/040,A,2,30573,30546,30538
10/040,A,3,30573,30546,30204
10/040,B,1,30567,30546,30538
10/040,B,2,30567,30546,30204
10/040,B,3,30567,30546,30573
10/040,C,1,30538,30546,30547
10/040,C,2,30538,30546,30204
10/040,C,3,30538,30546,30573
10/040,D,1,30204,30546,30547
10/040,D,2,30204,30546,30538
10/040,D,3,30204,30546,30573
10/040,E,1,30538,30546,30547
10/041,A,1,31158,30528,30025
10/041,A,2,31158,30528,30529
10/041,A,3,31158,30528,30533
10/041,B,1,30025,30528,30533
10/041,B,2,30025,30528,31158
10/041,C,1,30533,30528,30025
10/041,C,2,30533,30528,30529
10/041,C,3,30533,30528,31158
10/041,D,1,30529,30528,30025
10/041,D,2,30529,30528,30533
10/041,E,1,30533,30528,30025
10/042,A,1,54757,30422,31060
10/042,A,2,54757,30422,30752
10/042,A,3,54757,30422,30842
10/042,B,1,30752,30422,54757
10/042,B,2,30752,30422,31060
10/042,B,3,30752,30422,30842
10/042,C,1,30842,30422,54757
10/042,C,2,30842,30422,31060
10/042,C,3,30842,30422,30752
10/042,D,1,31060,30422,54757
10/042,D,2,31060,30422,30752
10/042,D,3,31060,30422,30842
10/042,F,1,31060,30422,54757
10/042,F,2,31060,30422,30842
10/042,G,1,54757,30422,30842
10/043,A,1,30045,30434,30043
10/043,A,2,30045,30434,30862
10/043,A,3,30045,30434,30044
10/043,B,1,30044,30434,30043
10/043,B,2,30044,30434,30045
10/043,B,3,30044,30434,30862
10/043,C,1,30862,30434,30043
10/043,C,2,30862,30434,30045
10/043,C,3,30862,30434,30044
10/043,D,1,30043,30434,30045
10/043,D,2,30043,30434,30862
10/043,D,3,30043,30434,30044
10/043,E,1,30043,30434,30044
10/043,L,1,30044,30434,30862
10/044,C,1,30706,30087,30089
10/047,A,1,31994,30090,30016
10/047,A,2,31994,30090,30518
10/047,B,1,30016,30090,30518
10/047,C,1,30016,30090,31178
10/047,D,1,31178,30090,30016
10/047,D,2,31178,30090,30518
10/048,A,1,30281,30088,31996
10/048,A,2,30281,30088,30943
10/048,B,1,30037,30088,31996
10/048,C,1,30037,30088,30281
10/048,D,1,30943,30088,31996
10/049,A,1,30260,30120,31000
10/049,A,2,30260,30120,34525
10/049,B,1,31000,30120,34525
10/049,B,2,31000,30120,30260
10/049,C,1,34525,30120,31000
10/049,C,2,34525,30120,30260
10/051,A,1,30712,30500,31201
10/051,A,2,30712,30500,30709
10/051,A,3,30712,30500,30913
10/051,B,1,31201,30500,30709
10/051,B,2,31201,30500,30913
10/051,B,3,31201,30500,30712
10/051,C,1,30913,30500,31201
10/051,C,2,30913,30500,30709
10/051,C,3,30913,30500,30712
10/051,D,1,30709,30500,31201
10/051,D,2,30709,30500,30913
10/051,D,3,30709,30500,30712
10/052,A,1,30478,30479,30724
10/052,A,2,30478,30479,30483
10/052,A,3,30478,30479,30728
10/052,B,1,30483,30479,30478
10/052,B,2,30483,30479,30724
10/052,B,3,30483,30479,30728
10/052,C,1,30728,30479,30478
10/052,C,2,30728,30479,30724
10/052,C,3,30728,30479,30483
10/052,D,1,30724,30479,30478
10/052,D,2,30724,30479,30483
10/052,D,3,30724,30479,30728
10/053,A,1,30494,30496,30987
10/053,A,2,30494,30496,30497
10/053,A,3,30494,30496,30495
10/053,B,1,30495,30496,30987
10/053,B,2,30495,30496,30494
10/053,B,3,30495,30496,30497
10/053,C,1,30987,30496,30495
10/053,D,1,30987,30496,30494
10/053,D,2,30987,30496,30497
10/053,E,1,30497,30496,30987
10/053,F,1,30497,30496,30987
10/053,F,2,30497,30496,30494
10/055,A,1,30091,30185,30037
10/055,B,1,30091,30185,30948
10/055,E,1,30948,30185,30037
10/056,A,1,30110,30111,30260
10/056,A,2,30110,30111,30112
10/056,B,1,30112,30111,30110
10/056,B,2,30112,30111,30260
10/056,C,1,30110,30111,30260
10/056,D,1,30260,30111,30110
10/056,D,2,30260,30111,30112
10/056,E,1,30112,30111,30260
10/057,A,1,31984,30110,30035
10/057,A,2,31984,30110,30111
10/057,B,1,30111,30110,30035
10/057,B,2,30111,30110,31984
10/057,D,1,30035,30110,31984
10/057,E,1,30035,30110,30111
10/058,A,1,28845,30642,30641
10/058,A,2,28845,30642,30637
10/058,B,1,30637,30642,28845
10/058,B,2,30637,30642,30641
10/058,C,1,30637,30642,30641
10/058,D,1,31064,30642,28845
10/058,D,2,31064,30642,30641
10/058,D,3,31064,30642,30637
10/060,A,1,30948,30036,30102
10/060,A,2,30102,30036,30948
10/064,A,1,30090,30518,30184
10/064,C,1,30718,30518,30184
10/064,E,1,30090,30518,30718
10/064,G,1,30518,30184,30085
10/065,A,1,30949,30242,30000
10/065,A,2,30949,30242,30240
10/065,B,1,30094,30242,30000
10/065,C,1,30094,30242,30240
10/067,A,1,30094,30564,30319
10/067,A,2,30238,30094,30564
10/067,A,3,30238,30094,30242
10/067,B,1,30559,30094,30242
10/067,C,1,30094,30564,30319
10/067,C,2,30559,30094,30564
10/067,D,1,31169,30564,30319
10/068,A,1,30496,30495,30966
10/068,A,2,30496,30495,30987
10/068,B,1,30966,30495,30496
10/068,C,1,30498,30495,30966
10/068,C,2,30498,30495,30987
10/068,D,1,30496,30495,30966
10/068,D,2,30496,30495,30987
10/068,D,3,30966,30495,30496
10/068,E,1,30498,30495,30966
10/068,E,2,30498,30495,30987
10/069,A,1,30926,30523,30524
10/069,A,2,30926,30523,30925
10/069,A,3,30926,30523,30038
10/069,B,1,30925,30523,30926
10/069,B,2,30925,30523,30524
10/069,B,3,30925,30523,30038
10/069,C,1,30038,30523,30926
10/069,C,2,30038,30523,30524
10/069,C,3,30038,30523,30925
10/069,D,1,30524,30523,30926
10/069,D,2,30524,30523,30925
10/069,D,3,30524,30523,30038
10/070,A,1,30590,30303,30056
10/070,A,2,30056,30303,30590
10/072,A,1,30317,30160,30318
10/072,A,2,30318,30160,30317
10/073,A,1,30362,30360,13312
10/073,A,2,13312,30360,30362
10/074,A,1,31156,30519,30520
10/074,A,2,31156,30519,30922
10/074,B,1,30520,30519,31156
10/074,B,2,30520,30519,30922
10/074,C,1,30922,30519,31156
10/074,C,2,30922,30519,30520
10/075,A,1,30664,30568,30665
10/075,A,2,30665,30568,30664
10/077,A,1,30546,30573,30531
10/077,A,2,30531,30573,30546
10/078,A,1,30173,30354,30353
10/078,B,1,30353,30354,30355
10/079,A,1,30335,30334,31164
10/080,A,1,54191,54599,30417
10/080,A,2,30417,54599,54191
10/081,A,1,30426,30042,30425
10/081,A,2,30425,30042,30426
10/084,A,1,30442,30443,30444
10/084,A,2,30442,30443,30441
10/084,B,1,30444,30443,30442
10/084,B,2,30444,30443,30441
10/084,C,1,30441,30443,30444
10/084,C,2,30441,30443,30442
10/087,A,1,30933,30024,30531
10/087,A,2,30531,30024,30933
10/090,A,1,28600,30660,30652
10/090,A,2,28600,30660,31064
10/090,B,1,30652,30660,28600
10/090,C,1,30652,30660,31064
10/090,C,2,30652,30660,28600
10/090,D,1,31064,30660,28600
10/092,A,1,30400,30012,30159
10/092,A,2,30159,30012,30400
10/093,A,1,31160,30746,30880
10/093,B,1,30880,30746,31160
10/094,A,1,30020,30451,30744
10/094,A,2,30020,30451,31150
10/094,B,1,30744,30451,30020
10/094,B,2,30744,30451,31150
10/094,C,1,31150,30451,30020
10/094,C,2,31150,30451,30744
10/095,A,1,30505,30011,30010
10/095,A,2,30010,30011,30505
10/096,A,1,30506,30010,30011
10/096,A,2,30011,30010,30506
10/102,A,1,31033,30027,30209
10/102,A,2,30209,30027,31033
10/105,A,1,30647,30049,30650
10/105,A,2,30650,30049,30647
10/106,A,1,30500,31201,30501
10/106,A,2,30501,31201,30500
10/110,A,1,28794,30188,30186
10/110,A,2,28794,30188,31001
10/110,B,1,31001,30188,30186
10/110,B,2,31001,30188,28794
10/110,C,1,30186,30188,28794
10/111,A,1,30255,30607,30008
10/112,A,1,30662,30028,30667
10/112,A,2,30667,30028,30662
10/113,A,1,30699,30485,30719
10/113,A,2,30699,30485,30721
10/113,B,1,30721,30485,30719
10/113,B,2,30721,30485,30699
10/113,C,1,30721,30485,30719
10/113,E,1,30719,30485,30721
10/113,E,2,30719,30485,30699
10/114,A,1,30129,30356,30235
10/114,B,1,30235,30356,30129
10/116,A,1,30189,31197,31198
10/116,A,2,31198,31197,30189
10/118,A,1,31021,30050,31025
10/118,A,2,31025,30050,31021
10/119,A,1,30487,30905,30109
10/119,A,2,30487,30905,30198
10/119,B,1,30109,30905,30487
10/119,E,1,30198,30905,30487
10/119,E,2,30198,30905,30109
10/119,G,1,30109,30905,30198
10/121,A,1,30905,30487,30195
10/122,A,1,30461,30508,30700
10/122,A,2,30700,30508,30461
10/123,A,1,30391,30350,30352
10/123,B,1,30352,30350,30391
10/123,F,1,30350,30391,30349
10/123,G,1,30349,30391,30350
10/124,A,1,30455,30509,54213
10/124,A,2,54213,30509,30455
10/126,A,1,30526,30538,30543
10/126,A,2,30526,30538,30546
10/126,B,1,30546,30538,30543
10/126,B,2,30546,30538,30532
10/126,B,3,30546,30538,30526
10/126,C,1,30543,30538,30546
10/126,C,2,30543,30538,30532
10/126,C,3,30543,30538,30526
10/126,D,1,30532,30538,30543
10/126,D,2,30532,30538,30546
10/126,D,3,30532,30538,30526
10/126,E,1,30546,30538,30543
10/127,A,1,31992,30102,30036
10/127,C,1,30036,30102,31992
10/127,D,1,30185,30102,31992
10/128,A,1,30933,30025,30528
10/128,A,2,30528,30025,30933
10/129,A,1,30270,30343,30344
10/134,A,1,30110,30111,30112
10/134,A,2,30112,30111,30110
10/136,A,1,30303,30056,30592
10/136,B,1,30592,30056,30303
10/140,A,1,30145,30341,30113
10/140,A,2,30113,30341,30145
10/142,A,1,30651,30650,30049
10/142,A,2,30651,30650,30645
10/142,B,1,30049,30650,30651
10/142,C,1,30049,30650,30645
10/142,D,1,30645,30650,30049
10/142,E,1,30645,30650,30049
10/142,E,2,30645,30650,30651
10/143,A,1,30843,30752,30422
10/143,A,2,30422,30752,30843
10/144,A,1,30434,30045,30844
10/144,A,2,30844,30045,30434
10/145,A,1,30872,30046,30047
10/145,A,2,30047,30046,30872
10/146,A,1,30046,30872,30442
10/146,A,2,30442,30872,30046
10/147,A,1,30123,30127,31005
10/147,A,2,30123,30127,30125
10/147,A,3,30123,30127,34156
10/147,B,1,34156,30127,30123
10/147,B,2,34156,30127,31005
10/147,B,3,34156,30127,30125
10/147,C,1,30125,30127,30123
10/147,C,2,30125,30127,31005
10/147,C,3,30125,30127,34156
10/147,D,1,31005,30127,30123
10/147,D,2,31005,30127,30125
10/147,D,3,31005,30127,34156
10/147,G,1,30125,30127,34156
10/151,A,1,31180,30054,30581
10/151,A,2,30581,30054,31180
10/153,A,1,30357,30743,30359
10/153,B,1,30359,30743,30357
10/158,A,1,30745,30021,30744
10/158,A,2,30744,30021,30745
10/160,A,1,30451,30744,30021
10/160,B,1,30021,30744,30451
10/162,A,1,30448,30017,30447
10/162,A,2,30447,30017,30448
10/163,A,1,58884,30745,30021
10/163,B,1,30021,30745,58884
10/165,A,1,30448,30018,30445
10/165,A,2,30445,30018,30448
10/166,A,1,31417,30035,30110
10/166,A,2,30110,30035,31417
10/167,A,1,30263,30034,31186
10/167,A,2,31186,30034,30263
10/168,A,1,58861,30022,30023
10/168,A,2,30023,30022,58861
10/170,A,1,30022,30023,30964
10/170,A,2,30964,30023,30022
10/173,A,1,31993,30237,30611
10/173,C,1,31993,30237,30754
10/174,A,1,30610,30248,30255
10/174,B,1,30468,30248,30255
10/174,C,1,30611,30610,30756
10/174,D,1,30756,30469,30241
10/174,E,1,30000,30468,30248
10/197,A,1,30208,30103,30385
10/197,A,2,30385,30103,30208
10/200,A,1,30382,30758,30359
10/200,A,2,30359,30758,30382
10/201,A,1,30353,30351,31189
10/201,B,1,31189,30351,30353
10/204,A,1,30748,30747,30941
10/204,B,1,30941,30747,30748
10/205,A,1,30523,30038,30719
10/205,A,2,30719,30038,30523
10/206,A,1,30673,30031,30174
10/206,A,2,30174,30031,30673
10/207,A,1,28785,30030,30174
10/207,A,2,30174,30030,28785
10/208,A,1,28785,30030,30174
10/208,A,2,30174,30030,28785
10/210,A,1,30589,30835,30586
10/210,B,1,30586,30835,30589
10/210,C,1,30055,30835,30589
10/210,D,1,30055,30835,30586
10/212,A,1,30963,30055,30835
10/214,A,1,30589,30840,31092
10/214,B,1,31038,30840,30589
10/214,C,1,30589,30840,31038
10/214,F,1,31038,30840,31092
10/216,A,1,30534,30053,30574
10/216,A,2,30574,30053,30534
10/220,A,1,30835,30589,30983
10/221,A,1,30968,30750,30749
10/221,A,2,30749,30750,30968
10/222,A,1,30968,30302,30969
10/222,A,2,30969,30302,30968
10/223,A,1,30301,30300,30595
10/223,A,2,30595,30300,30301
10/226,A,1,30915,30015,30919
10/226,B,1,30919,30015,30915
10/227,A,1,30108,30019,31073
10/227,A,2,31073,30019,30108
10/230,A,1,30434,30044,30438
10/230,A,2,30438,30044,30434
10/231,A,1,30652,30751,30651
10/231,A,2,30650,30651,30751
10/232,A,1,30033,30995,30993
10/232,A,2,30993,30995,30033
10/233,A,1,30114,30032,30993
10/233,A,2,30993,30032,30114
10/235,A,1,30115,30326,30324
10/235,A,2,30324,30326,30115
10/236,A,1,31176,30014,30919
10/236,A,2,30919,30014,31176
10/237,A,1,30535,30748,30747
10/237,A,2,30747,30748,30535
10/240,A,1,30493,30119,30118
10/240,A,2,30493,30119,30494
10/240,B,1,30494,30119,30118
10/240,B,2,30494,30119,30493
10/240,C,1,30118,30119,30494
10/240,C,2,30118,30119,30493
10/242,A,1,30656,30007,31193
10/242,A,2,31193,30007,30656
10/243,A,1,30897,30483,30479
10/243,A,2,30897,30483,30721
10/243,B,1,30721,30483,30479
10/243,B,2,30721,30483,30897
10/243,C,1,30479,30483,30721
10/243,C,2,30479,30483,30897
10/244,A,1,30642,30641,29133
10/246,A,1,30181,30040,30520
10/246,A,2,30520,30040,30181
10/250,A,1,30864,30753,30433
10/250,A,2,30433,30753,30864
10/251,A,1,30855,30429,31156
10/251,A,2,30855,30429,30858
10/251,B,1,31156,30429,30855
10/251,B,2,31156,30429,30858
10/251,C,1,30858,30429,30855
10/251,C,2,30858,30429,31156
10/251,D,1,30855,30429,30858
10/253,A,1,30085,30091,30185
10/253,B,1,30085,30091,31178
10/253,C,1,31178,30091,30185
10/254,A,1,30185,30037,30088
10/255,A,1,30362,31051,31070
10/255,A,2,30362,31051,30365
10/255,B,1,30365,31051,30362
10/255,B,2,30365,31051,31070
10/255,C,1,31070,31051,30362
10/255,C,2,31070,31051,30365
10/256,A,1,30495,30966,30590
10/256,B,1,30590,30966,30495
10/259,A,1,30320,30407,30281
10/259,A,2,30281,30407,30320
10/262,A,1,30499,30013,30902
10/262,A,2,30902,30013,30499
10/263,A,1,30023,30022,58861
10/263,A,2,58861,30022,30023
10/264,B,1,30355,30234,30173
10/264,J,1,30235,30173,30354
10/264,J,2,30235,30173,31054
10/264,K,1,30234,30173,30235
10/264,K,2,30234,30173,31054
10/264,P,1,31054,30173,30354
10/264,P,2,31054,30173,30235
10/267,A,1,30181,30039,30925
10/267,A,2,30925,30039,30181
10/268,A,1,30360,30362,31051
10/268,B,1,31051,30362,30360
10/269,A,1,31019,30658,28441
10/269,A,2,28441,30658,31019
10/272,A,1,30111,30260,30120
10/272,A,2,30120,30260,30111
10/273,A,1,30336,30338,30114
10/273,A,2,30114,30338,30336
10/276,A,1,30654,30048,30647
10/276,A,2,30647,30048,30654
10/277,A,1,30528,31158,30052
10/277,A,2,30052,31158,30528
10/288,A,1,31983,31988,31986
10/288,B,1,31986,31988,30405
10/290,A,1,30897,30480,54643
10/290,A,2,54370,54643,30480
10/291,A,1,30353,30351,31189
10/291,A,2,31189,30351,30353
10/306,A,1,30669,30026,30209
10/306,A,2,30209,30026,30669
10/308,A,1,30451,30020,30886
10/308,A,2,30886,30020,30451
10/314,A,1,30425,30041,30423
10/314,A,2,30423,30041,30425
10/315,A,1,30270,30345,30346
10/315,A,2,30346,30345,30270
10/316,A,1,30124,31093,30688
10/316,B,1,30686,31093,30124
10/316,C,1,31093,30688,30687
10/316,G,1,31047,30688,30687
10/316,H,1,31093,30688,31047
10/316,I,1,31093,30688,30687
10/316,M,1,30365,30687,30686
10/316,N,1,30688,30687,30365
10/316,O,1,30688,30687,30686
10/316,S,1,30129,30686,31093
10/316,T,1,30687,30686,30129
10/316,U,1,30687,30686,31093
10/349,A,1,30597,30749,30750
10/349,B,1,30750,30749,30597
